filename,urban,pred_wo_abstention,pred_with_abstention
image13724.npz,False,-1,-1
image19338.npz,True,1,1
image19053.npz,True,1,1
image12371.npz,False,-1,0
image19639.npz,False,-1,-1
image11979.npz,False,-1,0
image6864.npz,True,1,1
image5571.npz,True,1,1
image4608.npz,True,1,1
image3509.npz,True,1,0
image3144.npz,True,1,1
image10072.npz,True,1,0
image9468.npz,False,1,0
image3938.npz,False,1,1
image10908.npz,True,1,0
image1546.npz,False,-1,-1
image4527.npz,False,-1,0
image8494.npz,False,1,0
image10789.npz,False,-1,-1
image9359.npz,False,-1,0
image17548.npz,False,-1,-1
image16002.npz,False,-1,-1
image9777.npz,False,1,0
image7207.npz,False,-1,-1
image15846.npz,False,-1,0
image19356.npz,False,-1,-1
image8966.npz,False,-1,0
image12545.npz,False,-1,0
image2693.npz,False,-1,-1
image14768.npz,False,-1,-1
image11430.npz,False,-1,-1
image12267.npz,False,-1,-1
image17121.npz,False,-1,0
image15598.npz,False,-1,-1
image3829.npz,False,-1,-1
image240.npz,False,-1,0
image9296.npz,True,-1,0
image14717.npz,True,-1,-1
image14067.npz,False,-1,0
image5558.npz,False,-1,-1
image14657.npz,False,-1,0
image12338.npz,False,-1,-1
image12678.npz,False,-1,-1
image16581.npz,True,1,1
image14452.npz,True,1,1
image18912.npz,True,1,1
image2289.npz,True,1,1
image6175.npz,True,1,1
image6767.npz,True,1,1
image10938.npz,True,1,1
image7301.npz,True,1,1
image10847.npz,True,1,1
image11127.npz,False,-1,-1
image8532.npz,True,1,1
image13252.npz,False,-1,-1
image12481.npz,True,-1,-1
image13217.npz,True,-1,0
image981.npz,False,-1,0
image4540.npz,True,-1,-1
image17304.npz,False,-1,-1
image10863.npz,True,-1,0
image17803.npz,True,-1,0
image19449.npz,True,-1,-1
image18556.npz,True,-1,0
image11913.npz,True,-1,0
image10972.npz,False,1,0
image7326.npz,False,-1,0
image9618.npz,True,-1,-1
image2667.npz,False,1,0
image6176.npz,True,-1,-1
image11444.npz,False,1,0
image10067.npz,False,1,1
image13925.npz,False,1,0
image5251.npz,False,1,0
image9388.npz,False,1,0
image14880.npz,True,1,0
image15675.npz,True,-1,0
image8924.npz,False,1,0
image3837.npz,True,-1,-1
image11411.npz,False,-1,0
image4010.npz,False,1,0
image16732.npz,False,1,0
image15750.npz,False,1,0
image9258.npz,False,-1,0
image16818.npz,True,-1,-1
image11278.npz,False,1,0
image14902.npz,True,-1,-1
image6769.npz,True,1,1
image8051.npz,True,1,1
image15058.npz,True,1,1
image7552.npz,True,1,1
image8358.npz,True,1,1
image14615.npz,True,1,1
image15282.npz,True,1,1
image7683.npz,True,1,1
image12440.npz,True,1,1
image18612.npz,True,1,1
image10042.npz,True,1,1
image6850.npz,True,1,1
image8893.npz,True,1,1
image6462.npz,True,1,1
image645.npz,True,1,1
image16346.npz,True,1,1
image12094.npz,True,1,1
image19615.npz,True,1,1
image14936.npz,True,1,1
image6765.npz,True,1,1
image12647.npz,True,-1,0
image16720.npz,True,-1,-1
image16343.npz,True,-1,0
image9351.npz,True,-1,0
image8224.npz,True,-1,0
image3326.npz,False,1,0
image3024.npz,True,1,0
image17480.npz,True,1,0
image11296.npz,True,1,1
image15130.npz,True,1,0
image16941.npz,True,1,0
image17102.npz,False,-1,0
image14543.npz,True,-1,0
image16579.npz,True,-1,0
image6804.npz,True,-1,0
image13239.npz,False,1,0
image5371.npz,True,1,1
image5917.npz,False,1,0
image1251.npz,False,1,0
image14638.npz,False,1,1
image13270.npz,False,1,1
image12994.npz,False,1,1
image9289.npz,True,-1,0
image16834.npz,False,1,1
image8179.npz,True,1,0
image6936.npz,True,1,1
image4387.npz,True,1,0
image5514.npz,True,1,0
image12035.npz,True,-1,-1
image18991.npz,True,-1,0
image12355.npz,True,1,0
image10048.npz,True,-1,-1
image12183.npz,True,1,0
image17549.npz,False,-1,0
image12448.npz,True,1,1
image2706.npz,True,1,0
image2000.npz,True,1,0
image6555.npz,True,1,1
image88.npz,True,1,1
image15128.npz,True,1,0
image2107.npz,False,1,1
image68.npz,False,-1,0
image16225.npz,True,1,1
image1253.npz,False,1,0
image13967.npz,True,-1,-1
image16508.npz,False,1,0
image108.npz,False,1,0
image13885.npz,False,1,0
image8721.npz,False,-1,0
image12048.npz,False,-1,-1
image13470.npz,False,-1,-1
image2934.npz,False,1,0
image62.npz,False,-1,0
image2658.npz,False,-1,0
image723.npz,False,-1,0
image16468.npz,True,1,0
image2249.npz,True,-1,0
image11535.npz,True,-1,0
image3496.npz,False,1,0
image19318.npz,False,1,0
image18368.npz,False,1,0
image11973.npz,False,1,1
image15948.npz,True,1,1
image18959.npz,False,1,1
image11629.npz,False,-1,-1
image445.npz,False,1,1
image9133.npz,False,1,1
image5488.npz,True,-1,0
image3423.npz,False,-1,0
image13109.npz,False,1,0
image6120.npz,False,1,1
image17470.npz,True,-1,-1
image2424.npz,True,-1,-1
image2364.npz,False,1,0
image16271.npz,False,-1,0
image13046.npz,False,-1,0
image16370.npz,False,1,0
image18532.npz,True,1,0
image10617.npz,False,1,1
image4701.npz,True,1,0
image16106.npz,False,-1,0
image6047.npz,True,-1,0
image16801.npz,False,-1,0
image15217.npz,True,-1,0
image13631.npz,False,-1,0
image2229.npz,False,-1,0
image17938.npz,True,-1,-1
image6210.npz,True,-1,-1
image7329.npz,True,-1,0
image17382.npz,False,-1,0
image3348.npz,False,-1,0
image11197.npz,False,1,0
image17503.npz,True,-1,-1
image10450.npz,False,-1,-1
image2301.npz,True,-1,0
image9555.npz,True,1,1
image15495.npz,False,-1,0
image19508.npz,False,1,1
image5549.npz,False,-1,-1
image1926.npz,True,-1,-1
image19078.npz,True,-1,0
image18060.npz,False,-1,0
image5835.npz,True,-1,0
image13034.npz,True,-1,-1
image3505.npz,False,-1,-1
image12459.npz,False,-1,-1
image3936.npz,False,-1,-1
image17279.npz,True,1,1
image17239.npz,True,1,0
image15685.npz,False,1,0
image15253.npz,False,1,0
image19012.npz,False,1,1
image17245.npz,True,1,1
image4395.npz,False,1,1
image7522.npz,True,1,1
image7762.npz,True,1,0
image19537.npz,False,1,1
image19280.npz,True,1,0
image13047.npz,True,1,1
image5224.npz,False,1,1
image6948.npz,False,1,1
image1478.npz,False,1,1
image1071.npz,False,1,1
image12965.npz,True,1,1
image19039.npz,False,1,1
image6074.npz,False,1,1
image11139.npz,False,1,1
image10045.npz,False,1,0
image13092.npz,False,1,0
image6014.npz,False,1,1
image10069.npz,False,1,0
image9078.npz,False,1,1
image16027.npz,False,1,1
image9634.npz,False,1,0
image4964.npz,False,1,0
image3548.npz,True,-1,0
image6752.npz,False,1,1
image2213.npz,False,1,0
image19201.npz,False,1,1
image13689.npz,True,1,1
image175.npz,False,1,1
image10923.npz,False,1,1
image18450.npz,True,1,1
image17540.npz,False,1,1
image928.npz,False,1,1
image18724.npz,False,1,1
image2872.npz,False,1,1
image7116.npz,False,1,0
image15570.npz,False,1,1
image7216.npz,False,1,1
image2599.npz,True,1,0
image10768.npz,False,1,1
image15476.npz,False,1,1
image5455.npz,False,1,1
image14192.npz,False,1,1
image16583.npz,False,1,1
image9472.npz,True,1,1
image553.npz,True,1,1
image5397.npz,False,1,1
image12514.npz,False,1,1
image14001.npz,True,1,1
image2208.npz,True,1,1
image9240.npz,False,1,1
image12628.npz,False,1,1
image9845.npz,True,1,0
image900.npz,False,1,1
image5151.npz,False,1,1
image15107.npz,True,1,0
image18562.npz,False,1,0
image5989.npz,False,1,0
image10558.npz,False,1,1
image10068.npz,False,1,0
image7810.npz,True,1,0
image395.npz,False,1,1
image7815.npz,False,1,1
image16783.npz,False,-1,0
image2131.npz,True,-1,0
image13426.npz,True,-1,0
image10243.npz,False,1,1
image9896.npz,True,-1,-1
image3424.npz,False,1,0
image9129.npz,False,1,0
image3782.npz,False,1,0
image18105.npz,False,1,0
image11107.npz,False,1,0
image6068.npz,True,1,0
image10805.npz,True,1,0
image3412.npz,False,-1,0
image14272.npz,True,-1,0
image15161.npz,True,1,0
image1928.npz,True,1,0
image5731.npz,False,1,1
image13479.npz,True,-1,0
image12527.npz,True,1,0
image5832.npz,False,1,1
image4231.npz,True,1,1
image10211.npz,True,-1,0
image17648.npz,True,1,0
image4434.npz,False,1,1
image4968.npz,True,1,0
image10861.npz,True,-1,0
image5174.npz,False,-1,0
image17433.npz,False,1,1
image5987.npz,False,1,1
image11385.npz,True,1,0
image9464.npz,False,1,1
image786.npz,False,1,1
image5032.npz,True,1,0
image16960.npz,True,-1,0
image16568.npz,True,1,1
image2172.npz,True,-1,0
image9566.npz,True,1,0
image14270.npz,True,-1,0
image1496.npz,False,1,1
image16193.npz,False,1,0
image6398.npz,True,1,1
image10916.npz,False,1,0
image9795.npz,False,1,0
image3228.npz,False,1,1
image15920.npz,True,1,0
image11604.npz,False,1,1
image8088.npz,False,1,1
image8257.npz,False,1,1
image34.npz,True,1,0
image4813.npz,False,1,0
image4682.npz,False,-1,0
image19155.npz,False,1,0
image10845.npz,False,1,1
image11236.npz,False,1,0
image5548.npz,False,1,1
image5214.npz,False,1,0
image9723.npz,True,1,0
image8481.npz,False,1,1
image16765.npz,True,1,0
image13342.npz,False,1,1
image16262.npz,False,1,1
image12204.npz,True,1,0
image15459.npz,False,1,1
image5114.npz,False,1,0
image3213.npz,True,-1,0
image10569.npz,False,1,1
image4462.npz,False,1,1
image8986.npz,False,1,1
image16878.npz,False,1,1
image12649.npz,True,1,1
image13125.npz,False,1,1
image17205.npz,True,1,0
image821.npz,True,1,0
image3980.npz,True,-1,0
image3611.npz,False,1,0
image18900.npz,False,1,1
image10540.npz,True,-1,0
image4947.npz,True,-1,0
image6761.npz,True,-1,0
image3193.npz,True,-1,0
image15679.npz,False,-1,0
image3358.npz,True,-1,0
image15478.npz,True,-1,0
image1093.npz,False,-1,0
image15969.npz,False,1,1
image10501.npz,True,1,0
image8027.npz,True,1,0
image2189.npz,False,1,0
image12021.npz,False,1,1
image10274.npz,False,1,1
image8741.npz,False,1,1
image11212.npz,True,1,0
image17356.npz,False,1,1
image417.npz,False,-1,0
image13497.npz,True,-1,0
image11654.npz,True,-1,0
image19526.npz,False,1,1
image13083.npz,True,-1,-1
image1904.npz,False,-1,0
image14601.npz,False,1,1
image12614.npz,True,-1,0
image10071.npz,False,1,0
image5736.npz,False,1,1
image1462.npz,False,1,0
image8596.npz,False,1,1
image1743.npz,False,1,1
image11805.npz,False,1,1
image2644.npz,True,1,0
image11606.npz,True,-1,0
image12576.npz,False,1,0
image6404.npz,True,-1,0
image9412.npz,False,-1,0
image11055.npz,False,1,0
image7791.npz,False,1,0
image330.npz,True,-1,0
image7093.npz,True,1,0
image6733.npz,False,1,0
image4637.npz,True,1,1
image2842.npz,False,1,1
image17383.npz,False,1,0
image5739.npz,False,1,0
image9744.npz,False,1,0
image10261.npz,False,1,1
image11317.npz,False,1,0
image14632.npz,True,-1,0
image13855.npz,False,1,0
image7501.npz,False,1,0
image8516.npz,False,-1,0
image18673.npz,False,-1,0
image16105.npz,True,-1,0
image8534.npz,False,-1,0
image12758.npz,False,1,0
image12410.npz,False,1,0
image17935.npz,False,1,0
image6391.npz,False,1,0
image878.npz,True,1,0
image15776.npz,True,-1,0
image5284.npz,True,-1,0
image18279.npz,True,1,0
image8354.npz,False,1,0
image318.npz,False,-1,0
image12735.npz,True,1,0
image17590.npz,True,-1,0
image1547.npz,True,-1,0
image11434.npz,True,-1,0
image17447.npz,True,-1,-1
image17670.npz,True,-1,0
image19310.npz,True,-1,0
image19344.npz,True,-1,-1
image5547.npz,True,-1,-1
image2794.npz,False,1,0
image1615.npz,True,-1,0
image7779.npz,False,1,1
image6896.npz,True,1,0
image129.npz,True,-1,0
image11869.npz,False,1,1
image16610.npz,False,1,0
image4912.npz,False,1,0
image1234.npz,False,1,0
image4767.npz,False,1,0
image7461.npz,False,-1,0
image3163.npz,False,1,0
image3071.npz,False,-1,0
image18594.npz,False,1,0
image9233.npz,True,-1,0
image13091.npz,False,1,0
image8851.npz,False,1,1
image15645.npz,False,-1,0
image16004.npz,False,1,0
image11990.npz,False,-1,0
image10707.npz,False,1,0
image4283.npz,False,1,0
image7655.npz,False,-1,0
image17106.npz,False,-1,0
image11210.npz,False,-1,0
image1755.npz,False,-1,0
image11128.npz,False,1,0
image15608.npz,False,-1,-1
image3580.npz,True,-1,0
image3324.npz,False,-1,-1
image8973.npz,False,1,0
image552.npz,False,1,0
image11094.npz,False,-1,0
image16525.npz,False,-1,0
image6406.npz,False,1,0
image9748.npz,False,1,1
image2251.npz,False,-1,-1
image7212.npz,False,-1,0
image18564.npz,False,-1,0
image15045.npz,True,-1,-1
image2929.npz,True,-1,0
image2983.npz,True,-1,-1
image14279.npz,True,-1,-1
image14112.npz,True,-1,0
image15778.npz,True,-1,0
image16672.npz,True,-1,0
image6526.npz,True,-1,0
image17861.npz,True,-1,0
image13939.npz,True,-1,-1
image8441.npz,False,-1,0
image2272.npz,False,1,0
image9050.npz,False,1,0
image18870.npz,False,-1,0
image547.npz,False,1,0
image14443.npz,False,-1,0
image1215.npz,False,1,1
image4258.npz,False,1,1
image14545.npz,False,1,1
image1793.npz,False,1,0
image3299.npz,False,-1,0
image3808.npz,False,-1,0
image8997.npz,False,-1,0
image18986.npz,False,-1,-1
image16747.npz,False,1,0
image8668.npz,False,-1,-1
image3354.npz,False,-1,0
image7100.npz,False,-1,-1
image7478.npz,False,-1,-1
image6647.npz,True,-1,-1
image11791.npz,False,-1,-1
image8675.npz,True,-1,-1
image7133.npz,False,1,0
image2881.npz,True,-1,0
image9779.npz,False,1,0
image5221.npz,False,1,1
image12782.npz,False,1,0
image13416.npz,False,1,0
image6.npz,False,1,0
image3706.npz,False,1,0
image14745.npz,False,-1,0
image17587.npz,True,-1,-1
image4163.npz,False,1,0
image6856.npz,False,-1,0
image16778.npz,False,1,0
image14542.npz,False,-1,0
image12322.npz,False,-1,0
image10307.npz,False,1,0
image11876.npz,False,-1,0
image14479.npz,True,1,0
image1941.npz,False,1,0
image8258.npz,False,1,0
image19156.npz,True,-1,0
image9318.npz,False,1,0
image3391.npz,False,-1,0
image2340.npz,False,-1,0
image19553.npz,True,1,0
image2245.npz,True,-1,0
image8711.npz,True,-1,0
image1120.npz,True,1,1
image19141.npz,False,1,0
image9669.npz,False,1,1
image11775.npz,True,1,0
image872.npz,True,-1,0
image18384.npz,False,1,1
image4375.npz,True,1,0
image14463.npz,True,-1,0
image15268.npz,True,-1,0
image14431.npz,False,1,0
image9494.npz,False,1,0
image4578.npz,False,1,0
image11496.npz,False,1,0
image18159.npz,False,1,0
image7298.npz,False,1,1
image19194.npz,False,1,1
image16678.npz,False,1,0
image14471.npz,False,1,0
image7462.npz,False,1,0
image538.npz,False,1,0
image11103.npz,True,1,1
image2874.npz,False,1,1
image278.npz,False,1,1
image4257.npz,True,1,0
image17839.npz,False,1,0
image4199.npz,False,-1,0
image2978.npz,False,1,1
image4000.npz,False,1,1
image2111.npz,True,-1,0
image18487.npz,False,1,1
image2603.npz,False,1,0
image14747.npz,False,1,1
image5952.npz,False,1,1
image15345.npz,False,1,0
image14184.npz,False,1,0
image3883.npz,False,1,1
image1511.npz,False,1,0
image12891.npz,False,1,1
image4308.npz,True,1,0
image18814.npz,False,1,1
image14996.npz,False,1,1
image8722.npz,False,1,0
image35.npz,False,1,1
image6466.npz,False,1,1
image12529.npz,False,1,1
image17680.npz,False,1,1
image14062.npz,False,1,1
image310.npz,False,1,1
image343.npz,False,1,1
image14949.npz,False,1,0
image5344.npz,False,1,0
image13489.npz,False,1,1
image9029.npz,False,1,1
image11769.npz,False,1,1
image17558.npz,False,1,0
image3461.npz,False,1,1
image17024.npz,False,1,1
image11241.npz,False,1,0
image18158.npz,False,-1,0
image18517.npz,True,-1,0
image1283.npz,False,1,1
image3389.npz,False,1,1
image8180.npz,False,1,1
image2153.npz,False,-1,-1
image4773.npz,True,-1,0
image6649.npz,True,1,1
image13532.npz,True,1,1
image4104.npz,False,1,1
image6268.npz,False,1,1
image10368.npz,True,1,1
image7010.npz,True,1,1
image8628.npz,True,1,1
image4800.npz,True,1,1
image2188.npz,True,1,0
image8320.npz,True,1,0
image14894.npz,True,-1,0
image3697.npz,True,-1,0
image14193.npz,True,-1,0
image4610.npz,True,1,0
image8080.npz,False,1,1
image3796.npz,True,1,0
image3628.npz,True,1,0
image2824.npz,True,1,0
image1517.npz,True,1,0
image14477.npz,True,1,0
image17782.npz,True,1,0
image4453.npz,True,-1,0
image5752.npz,True,-1,0
image2305.npz,True,1,0
image194.npz,True,1,1
image18496.npz,True,-1,0
image17721.npz,True,-1,0
image5813.npz,True,-1,0
image12548.npz,True,-1,-1
image1312.npz,True,-1,0
image16145.npz,True,1,1
image1352.npz,True,1,0
image17306.npz,False,1,1
image11542.npz,False,1,1
image10085.npz,True,1,1
image18010.npz,True,1,1
image18715.npz,True,1,0
image17818.npz,False,1,1
image937.npz,False,1,1
image704.npz,False,-1,-1
image19423.npz,True,1,0
image13611.npz,False,1,0
image905.npz,False,1,0
image220.npz,True,1,0
image13966.npz,False,-1,-1
image15987.npz,False,1,1
image19293.npz,False,1,1
image18084.npz,False,1,1
image8529.npz,False,-1,-1
image145.npz,False,-1,0
image5967.npz,True,1,0
image15496.npz,True,-1,0
image1091.npz,False,1,1
image15523.npz,True,1,0
image2734.npz,False,1,0
image4698.npz,True,1,0
image17761.npz,True,1,0
image11252.npz,True,1,0
image1599.npz,True,1,0
image5156.npz,True,1,0
image13206.npz,False,-1,0
image17716.npz,False,-1,0
image5854.npz,True,1,0
image17899.npz,True,-1,0
image18339.npz,False,-1,0
image9993.npz,True,1,0
image19212.npz,True,1,0
image15933.npz,True,1,1
image11194.npz,True,1,1
image5349.npz,True,-1,-1
image10108.npz,False,1,1
image17912.npz,False,1,0
image15539.npz,True,-1,0
image2756.npz,True,-1,0
image2793.npz,False,-1,-1
image2519.npz,True,-1,0
image9057.npz,False,1,0
image6419.npz,False,-1,0
image4281.npz,True,-1,0
image1545.npz,True,-1,0
image14422.npz,False,-1,0
image3038.npz,False,1,1
image17371.npz,False,1,0
image11664.npz,True,-1,0
image19187.npz,False,-1,-1
image3330.npz,True,1,0
image19324.npz,False,1,0
image389.npz,False,1,0
image15580.npz,True,-1,-1
image6615.npz,False,1,0
image3055.npz,False,-1,-1
image2458.npz,False,-1,0
image1007.npz,False,-1,-1
image14492.npz,False,1,0
image7963.npz,True,-1,0
image4232.npz,True,-1,0
image3352.npz,True,-1,0
image15633.npz,False,1,0
image1056.npz,True,1,0
image5535.npz,True,-1,0
image14770.npz,False,-1,-1
image1894.npz,True,-1,0
image19019.npz,False,-1,-1
image4191.npz,False,-1,0
image17182.npz,True,1,0
image3410.npz,True,1,0
image4779.npz,True,-1,0
image13985.npz,False,-1,-1
image5465.npz,False,-1,-1
image4400.npz,True,-1,-1
image8314.npz,False,-1,-1
image16880.npz,False,-1,-1
image501.npz,True,-1,-1
image6897.npz,False,-1,-1
image1082.npz,True,-1,-1
image6069.npz,True,-1,-1
image13403.npz,True,-1,-1
image758.npz,True,-1,0
image17149.npz,False,1,0
image5232.npz,False,-1,0
image11018.npz,False,-1,0
image17164.npz,False,-1,-1
image12047.npz,False,1,0
image7994.npz,False,-1,-1
image15208.npz,False,-1,-1
image6907.npz,True,1,0
image11540.npz,False,-1,0
image1038.npz,False,-1,-1
image11294.npz,True,1,0
image635.npz,False,1,1
image7744.npz,False,1,0
image17251.npz,False,-1,-1
image2897.npz,True,-1,-1
image4126.npz,True,-1,-1
image8609.npz,True,-1,-1
image10246.npz,False,-1,0
image9075.npz,False,-1,0
image1371.npz,True,-1,-1
image2126.npz,True,-1,-1
image16472.npz,True,-1,-1
image18261.npz,False,-1,0
image15277.npz,True,1,0
image7211.npz,True,1,0
image8568.npz,False,1,1
image3856.npz,False,-1,-1
image6284.npz,False,-1,-1
image8584.npz,False,1,1
image18408.npz,True,1,0
image14533.npz,True,1,0
image9971.npz,False,1,1
image13757.npz,True,1,1
image5659.npz,False,1,1
image1403.npz,False,1,1
image13048.npz,False,-1,-1
image12443.npz,True,-1,0
image17262.npz,False,1,1
image13212.npz,False,1,1
image13873.npz,False,1,1
image19408.npz,False,1,1
image9975.npz,False,1,1
image3688.npz,True,1,0
image7545.npz,False,1,1
image4244.npz,False,1,1
image8622.npz,False,1,1
image13838.npz,False,1,1
image13738.npz,True,1,1
image689.npz,False,1,1
image12425.npz,True,-1,0
image14938.npz,False,1,0
image15944.npz,False,1,1
image19636.npz,False,1,1
image12657.npz,True,1,0
image16614.npz,True,1,0
image17873.npz,True,1,1
image13716.npz,True,1,1
image15636.npz,True,1,0
image15792.npz,False,1,0
image16089.npz,True,1,1
image9302.npz,True,1,1
image18919.npz,True,1,0
image6302.npz,True,1,0
image4242.npz,True,1,1
image16773.npz,True,1,0
image18315.npz,True,1,1
image12414.npz,True,1,1
image5557.npz,True,1,1
image7692.npz,False,1,1
image7305.npz,True,1,0
image14653.npz,False,1,1
image14573.npz,False,1,1
image3729.npz,True,-1,0
image18208.npz,True,1,0
image6486.npz,False,1,1
image15827.npz,False,1,1
image6828.npz,False,1,0
image12144.npz,True,1,1
image14759.npz,True,1,1
image3701.npz,True,1,1
image16083.npz,True,1,1
image9976.npz,True,1,0
image19660.npz,True,1,0
image9730.npz,True,-1,0
image6999.npz,False,-1,-1
image3235.npz,True,-1,0
image9096.npz,True,1,0
image18595.npz,False,-1,0
image6079.npz,True,-1,0
image15962.npz,True,1,1
image12495.npz,False,1,0
image6033.npz,False,1,0
image864.npz,False,1,0
image1244.npz,True,1,0
image12640.npz,True,-1,0
image10917.npz,False,-1,-1
image4665.npz,False,-1,0
image4514.npz,True,-1,0
image1590.npz,True,-1,0
image8641.npz,True,-1,0
image11392.npz,True,1,0
image15549.npz,False,-1,0
image16377.npz,False,-1,0
image10709.npz,True,1,0
image10089.npz,True,-1,0
image11910.npz,False,1,0
image2994.npz,True,-1,-1
image19157.npz,True,1,0
image8333.npz,False,1,1
image13765.npz,True,-1,0
image13860.npz,True,-1,0
image17844.npz,True,-1,0
image496.npz,False,1,0
image8819.npz,False,-1,-1
image241.npz,False,1,0
image18879.npz,False,1,0
image18559.npz,False,1,0
image5431.npz,True,-1,0
image6087.npz,False,1,0
image482.npz,True,1,0
image16550.npz,False,1,0
image19631.npz,True,1,0
image2581.npz,False,1,0
image12946.npz,False,-1,-1
image3146.npz,False,-1,-1
image1414.npz,False,-1,0
image14436.npz,True,1,0
image17498.npz,False,1,0
image15583.npz,False,-1,-1
image7080.npz,True,1,0
image14625.npz,False,-1,-1
image13828.npz,True,1,0
image3919.npz,False,-1,-1
image909.npz,False,1,0
image16957.npz,False,-1,-1
image12941.npz,True,-1,0
image3625.npz,False,-1,-1
image9717.npz,False,1,0
image5530.npz,True,-1,-1
image8549.npz,False,-1,-1
image231.npz,False,-1,0
image2233.npz,False,1,0
image18027.npz,True,1,0
image4153.npz,False,1,0
image18271.npz,True,-1,0
image17328.npz,True,1,0
image5336.npz,False,-1,-1
image13564.npz,False,-1,-1
image2673.npz,True,1,0
image360.npz,False,-1,0
image1849.npz,False,-1,-1
image14411.npz,False,1,0
image15729.npz,False,-1,-1
image8345.npz,False,-1,0
image596.npz,False,-1,-1
image7585.npz,False,-1,0
image8738.npz,False,-1,0
image102.npz,False,-1,0
image5446.npz,False,-1,0
image19608.npz,True,-1,0
image11412.npz,True,-1,0
image10078.npz,False,1,1
image7447.npz,True,-1,0
image2901.npz,True,-1,-1
image8679.npz,False,-1,-1
image7566.npz,False,-1,0
image12695.npz,False,-1,0
image3705.npz,False,-1,-1
image2782.npz,False,-1,-1
image11984.npz,False,-1,-1
image4870.npz,False,-1,-1
image508.npz,True,1,1
image11440.npz,True,1,0
image10476.npz,False,-1,-1
image13478.npz,True,-1,0
image14862.npz,False,-1,-1
image3000.npz,False,-1,-1
image19491.npz,False,-1,-1
image16829.npz,False,-1,-1
image13288.npz,False,-1,-1
image8798.npz,False,-1,-1
image12232.npz,False,-1,0
image14775.npz,True,-1,-1
image13769.npz,False,-1,-1
image9529.npz,False,-1,-1
image8454.npz,False,-1,-1
image3761.npz,False,-1,-1
image4459.npz,False,-1,-1
image15931.npz,True,-1,0
image339.npz,False,-1,-1
image14867.npz,False,-1,-1
image19383.npz,False,-1,-1
image10761.npz,False,-1,-1
image3230.npz,False,-1,-1
image17603.npz,False,1,0
image8605.npz,False,-1,0
image5642.npz,False,-1,-1
image18003.npz,False,-1,-1
image3576.npz,False,-1,-1
image17820.npz,False,-1,-1
image19605.npz,False,-1,-1
image12685.npz,False,-1,-1
image14459.npz,True,-1,0
image15977.npz,False,-1,-1
image17914.npz,False,-1,0
image344.npz,False,-1,-1
image10976.npz,False,-1,-1
image12848.npz,False,-1,-1
image2580.npz,False,-1,-1
image1949.npz,False,-1,-1
image17456.npz,False,-1,0
image1154.npz,True,-1,-1
image7434.npz,False,-1,0
image13232.npz,False,1,0
image16286.npz,False,1,0
image1118.npz,True,1,1
image9947.npz,False,1,0
image23.npz,True,1,0
image14212.npz,False,1,1
image8241.npz,False,-1,-1
image4057.npz,True,-1,-1
image12461.npz,True,1,0
image9496.npz,True,1,0
image5434.npz,False,-1,-1
image3600.npz,True,1,1
image8541.npz,True,-1,0
image5953.npz,True,-1,-1
image4285.npz,False,-1,0
image4661.npz,False,-1,-1
image8072.npz,False,-1,0
image3403.npz,False,-1,-1
image14502.npz,False,-1,-1
image3058.npz,False,-1,-1
image3794.npz,False,-1,-1
image6147.npz,False,-1,-1
image10895.npz,False,-1,-1
image13143.npz,True,-1,0
image3528.npz,True,-1,0
image12636.npz,True,1,0
image18751.npz,True,1,0
image19563.npz,True,1,0
image14834.npz,True,-1,-1
image10093.npz,True,1,0
image809.npz,False,1,0
image18570.npz,False,-1,0
image10720.npz,True,-1,0
image11489.npz,False,-1,0
image2235.npz,False,1,1
image19162.npz,False,1,0
image19375.npz,False,1,1
image10199.npz,False,1,1
image18038.npz,True,1,1
image7362.npz,False,1,1
image2956.npz,False,1,1
image232.npz,True,1,1
image7928.npz,False,1,0
image16946.npz,False,1,1
image6812.npz,True,1,1
image8335.npz,False,1,0
image3387.npz,True,1,1
image16324.npz,True,1,0
image14448.npz,True,1,1
image2594.npz,True,1,1
image6030.npz,True,1,1
image17970.npz,True,1,0
image16191.npz,True,1,1
image14099.npz,True,1,0
image15038.npz,True,1,1
image17730.npz,True,1,0
image8735.npz,False,1,1
image10915.npz,True,1,1
image691.npz,True,1,1
image15150.npz,True,1,0
image4936.npz,False,1,0
image9929.npz,False,1,1
image1047.npz,False,1,1
image1353.npz,True,1,1
image11072.npz,False,1,1
image19566.npz,False,1,1
image12354.npz,False,1,1
image4188.npz,True,1,0
image13285.npz,False,1,1
image1139.npz,False,-1,0
image17993.npz,True,1,0
image16737.npz,False,1,1
image12174.npz,False,1,1
image6736.npz,False,1,0
image2328.npz,True,1,0
image10801.npz,True,1,1
image16025.npz,False,1,0
image9361.npz,True,1,0
image9441.npz,False,1,1
image19353.npz,False,1,1
image8517.npz,True,1,0
image17582.npz,False,1,1
image17368.npz,True,1,1
image9428.npz,True,1,0
image4650.npz,True,1,0
image18073.npz,False,1,1
image14718.npz,False,1,1
image18676.npz,False,1,1
image6739.npz,True,1,1
image5004.npz,True,1,0
image15067.npz,True,1,1
image15090.npz,True,1,1
image18578.npz,True,1,1
image16932.npz,True,1,1
image4135.npz,True,1,1
image15506.npz,True,1,1
image9811.npz,True,1,0
image9018.npz,False,-1,0
image7764.npz,True,1,1
image1226.npz,True,1,1
image14773.npz,True,1,1
image14924.npz,True,1,1
image10458.npz,True,1,0
image15691.npz,True,1,1
image4227.npz,True,1,1
image9019.npz,True,1,1
image7172.npz,False,1,0
image9851.npz,False,1,1
image13054.npz,True,1,0
image6473.npz,False,1,1
image6170.npz,False,1,0
image12762.npz,True,-1,-1
image14339.npz,False,1,0
image17865.npz,False,1,0
image10747.npz,True,-1,-1
image13204.npz,False,1,0
image1589.npz,True,-1,0
image12095.npz,False,-1,0
image17373.npz,True,1,1
image11967.npz,False,1,0
image19035.npz,True,1,0
image12738.npz,True,1,0
image621.npz,True,-1,-1
image13500.npz,False,1,0
image7549.npz,False,1,1
image15833.npz,False,1,1
image10322.npz,True,1,0
image4822.npz,False,1,0
image14243.npz,False,1,0
image17162.npz,False,1,1
image1316.npz,False,-1,0
image12726.npz,True,1,0
image3939.npz,False,1,0
image3764.npz,False,1,0
image10244.npz,True,-1,0
image13719.npz,False,-1,0
image4289.npz,False,1,1
image2898.npz,False,-1,0
image7893.npz,True,1,1
image1965.npz,True,1,1
image12699.npz,False,1,1
image4433.npz,False,1,0
image3175.npz,True,-1,0
image5730.npz,True,1,1
image11594.npz,True,1,1
image8221.npz,False,1,1
image9740.npz,False,1,1
image10587.npz,True,1,1
image11400.npz,True,1,0
image19647.npz,False,1,1
image1642.npz,True,1,1
image7342.npz,True,1,1
image530.npz,True,1,0
image12318.npz,True,1,0
image6640.npz,True,1,0
image15193.npz,True,1,1
image19093.npz,True,-1,0
image6196.npz,False,1,0
image15031.npz,False,-1,0
image7491.npz,False,-1,-1
image1115.npz,False,-1,-1
image9439.npz,True,1,0
image8539.npz,False,1,0
image8575.npz,False,1,1
image12466.npz,False,1,1
image5483.npz,True,-1,0
image5761.npz,True,1,0
image2285.npz,True,-1,0
image9481.npz,False,-1,0
image2210.npz,False,1,0
image2007.npz,True,-1,0
image5035.npz,False,1,0
image87.npz,False,1,1
image9058.npz,False,1,1
image5236.npz,True,1,1
image2288.npz,True,1,1
image6641.npz,True,1,1
image14440.npz,True,1,1
image4166.npz,False,1,0
image8702.npz,True,1,0
image4161.npz,False,1,0
image17183.npz,False,1,1
image13900.npz,False,1,1
image9272.npz,False,1,0
image7859.npz,True,-1,-1
image3831.npz,False,1,1
image13994.npz,False,1,1
image1021.npz,False,1,0
image3114.npz,False,1,1
image3977.npz,False,-1,-1
image11290.npz,True,1,0
image478.npz,False,1,0
image16085.npz,False,1,1
image11523.npz,False,1,0
image17242.npz,False,1,0
image793.npz,False,-1,0
image13986.npz,False,1,1
image11753.npz,True,-1,-1
image13829.npz,True,-1,-1
image15252.npz,False,1,0
image18802.npz,False,1,0
image3.npz,False,1,1
image12011.npz,False,-1,0
image4056.npz,True,1,1
image2731.npz,True,1,0
image12042.npz,False,1,1
image17071.npz,False,1,1
image1751.npz,False,1,1
image2095.npz,False,1,1
image2052.npz,False,1,1
image9407.npz,False,1,0
image19118.npz,True,1,1
image5771.npz,True,1,1
image11013.npz,False,-1,-1
image7012.npz,True,1,1
image513.npz,True,-1,-1
image15159.npz,False,-1,-1
image2160.npz,True,-1,-1
image5673.npz,False,1,0
image2966.npz,False,1,1
image17566.npz,True,-1,0
image17423.npz,True,-1,0
image25.npz,True,1,1
image11778.npz,False,1,1
image430.npz,True,1,1
image5537.npz,False,1,0
image14292.npz,False,1,1
image10197.npz,False,1,1
image14423.npz,False,1,1
image13699.npz,False,1,1
image18325.npz,True,1,1
image977.npz,True,1,0
image3336.npz,False,1,0
image1009.npz,False,1,1
image18851.npz,True,-1,0
image2718.npz,False,1,1
image17735.npz,False,1,1
image6245.npz,False,1,1
image5528.npz,True,-1,-1
image5104.npz,False,1,1
image13041.npz,False,1,0
image3265.npz,False,1,1
image2360.npz,False,1,1
image19282.npz,False,1,0
image18908.npz,False,1,1
image16084.npz,True,1,1
image17892.npz,False,1,0
image10634.npz,False,1,1
image18883.npz,False,-1,0
image2320.npz,False,1,0
image17522.npz,True,-1,0
image11592.npz,True,-1,-1
image9803.npz,False,1,1
image5517.npz,False,-1,-1
image12604.npz,True,-1,-1
image19661.npz,True,1,1
image15006.npz,True,-1,-1
image11504.npz,True,-1,-1
image11458.npz,True,-1,0
image6875.npz,True,-1,0
image10692.npz,True,-1,-1
image3364.npz,True,1,0
image1915.npz,True,-1,0
image12482.npz,True,-1,-1
image5027.npz,True,1,1
image5650.npz,True,-1,0
image12010.npz,True,-1,0
image14858.npz,True,-1,0
image12142.npz,True,-1,-1
image18373.npz,True,-1,0
image18150.npz,False,1,1
image962.npz,True,-1,-1
image6203.npz,True,-1,-1
image7843.npz,True,-1,0
image6665.npz,True,-1,0
image6755.npz,False,1,1
image16339.npz,True,1,1
image83.npz,True,-1,0
image6443.npz,False,-1,0
image4158.npz,False,1,0
image18369.npz,False,-1,0
image4252.npz,False,1,0
image8388.npz,False,1,0
image13819.npz,True,1,1
image19382.npz,False,1,1
image6469.npz,False,1,0
image11108.npz,False,1,0
image19247.npz,True,-1,0
image4.npz,False,-1,0
image12271.npz,True,1,0
image16982.npz,False,-1,0
image1265.npz,False,1,0
image9342.npz,False,1,1
image13158.npz,False,-1,0
image12433.npz,False,-1,0
image6772.npz,True,1,0
image2548.npz,False,1,0
image650.npz,False,1,1
image2565.npz,False,-1,0
image13085.npz,False,1,1
image5724.npz,False,1,1
image12306.npz,False,1,1
image8049.npz,False,1,1
image5885.npz,True,-1,0
image1260.npz,True,-1,0
image6108.npz,False,1,1
image4629.npz,True,1,0
image14483.npz,False,1,1
image3599.npz,False,1,1
image12253.npz,False,1,1
image15746.npz,True,1,0
image7346.npz,True,1,0
image7938.npz,True,1,1
image19227.npz,False,-1,-1
image11662.npz,False,1,1
image16426.npz,True,-1,-1
image15646.npz,True,-1,0
image14284.npz,True,1,0
image12989.npz,True,-1,0
image4211.npz,True,1,0
image9806.npz,False,1,1
image931.npz,False,1,1
image8690.npz,False,1,0
image8277.npz,False,1,1
image19268.npz,True,1,0
image9253.npz,True,1,0
image7141.npz,False,-1,0
image4282.npz,True,-1,0
image15292.npz,True,-1,0
image3098.npz,False,1,0
image17731.npz,False,-1,0
image18091.npz,False,-1,0
image5888.npz,False,1,1
image12700.npz,True,1,0
image14836.npz,False,1,1
image3748.npz,True,1,1
image13351.npz,True,1,0
image11368.npz,False,-1,-1
image14110.npz,False,-1,-1
image1247.npz,False,1,1
image5152.npz,True,-1,0
image18009.npz,True,-1,0
image1989.npz,True,-1,0
image18586.npz,True,1,0
image11170.npz,True,1,0
image9436.npz,False,1,0
image6083.npz,True,1,1
image4799.npz,False,1,1
image15009.npz,False,-1,0
image10372.npz,False,1,0
image9572.npz,False,1,1
image9389.npz,False,1,1
image10786.npz,False,1,1
image561.npz,True,1,0
image10407.npz,False,1,0
image13629.npz,False,-1,0
image14678.npz,True,1,0
image15630.npz,True,1,0
image7915.npz,True,1,1
image18907.npz,False,1,1
image15198.npz,False,1,0
image16826.npz,True,1,0
image16047.npz,True,-1,0
image12235.npz,False,1,0
image130.npz,True,-1,0
image10675.npz,False,1,1
image17393.npz,False,1,1
image12387.npz,False,1,0
image5807.npz,False,1,1
image5632.npz,False,1,0
image17212.npz,True,-1,-1
image15473.npz,False,1,1
image2191.npz,True,-1,-1
image406.npz,True,1,0
image8707.npz,False,1,1
image17264.npz,False,1,1
image5818.npz,False,1,0
image2638.npz,False,-1,0
image3013.npz,False,1,0
image10344.npz,False,-1,0
image10467.npz,False,1,0
image16788.npz,False,1,1
image12110.npz,False,1,1
image1126.npz,False,1,1
image16328.npz,False,1,0
image19167.npz,False,-1,-1
image17511.npz,False,1,1
image16990.npz,True,-1,0
image1346.npz,False,1,1
image3519.npz,False,1,1
image1188.npz,False,-1,-1
image18231.npz,False,1,0
image10088.npz,False,1,1
image19387.npz,False,-1,0
image14377.npz,False,1,0
image81.npz,False,1,1
image9372.npz,True,-1,-1
image8055.npz,True,-1,-1
image3875.npz,False,1,0
image18497.npz,True,-1,0
image10751.npz,True,-1,0
image13052.npz,False,-1,0
image7084.npz,False,1,1
image6873.npz,False,1,0
image5912.npz,True,1,0
image12092.npz,True,-1,0
image6916.npz,True,-1,-1
image7168.npz,True,-1,-1
image14808.npz,False,-1,0
image8372.npz,True,-1,0
image13945.npz,True,-1,0
image15087.npz,False,-1,0
image5701.npz,False,1,1
image2539.npz,False,1,1
image19658.npz,False,1,1
image4798.npz,False,1,0
image16314.npz,True,-1,0
image15961.npz,False,-1,-1
image18135.npz,False,1,1
image7419.npz,True,-1,-1
image8565.npz,True,-1,0
image2959.npz,False,-1,0
image13767.npz,False,1,1
image1720.npz,False,-1,-1
image1698.npz,False,-1,0
image4553.npz,False,1,0
image10919.npz,False,-1,0
image9183.npz,False,1,0
image11172.npz,False,-1,0
image5765.npz,False,-1,-1
image10175.npz,False,1,0
image10824.npz,True,-1,-1
image5408.npz,False,-1,0
image5372.npz,True,1,0
image15413.npz,False,-1,0
image9612.npz,False,1,0
image480.npz,False,-1,0
image7125.npz,False,-1,-1
image9392.npz,False,-1,0
image9699.npz,False,-1,0
image6281.npz,False,-1,-1
image13883.npz,False,-1,-1
image483.npz,False,-1,0
image17378.npz,True,-1,0
image3001.npz,True,-1,0
image9684.npz,True,1,0
image19044.npz,False,-1,-1
image3637.npz,False,1,0
image17288.npz,False,1,0
image1411.npz,False,-1,0
image18644.npz,True,1,0
image7345.npz,False,1,0
image10693.npz,False,-1,0
image17367.npz,True,-1,0
image17767.npz,False,-1,0
image12637.npz,False,-1,0
image15357.npz,True,-1,0
image3282.npz,False,-1,0
image2661.npz,False,1,1
image14191.npz,True,-1,-1
image11591.npz,True,-1,0
image9887.npz,True,1,0
image4772.npz,False,1,1
image10138.npz,False,1,1
image7332.npz,True,1,0
image10271.npz,True,1,0
image16312.npz,True,1,0
image14058.npz,False,1,0
image8856.npz,False,1,1
image17681.npz,False,1,0
image13077.npz,False,-1,0
image4060.npz,True,-1,0
image16804.npz,False,1,1
image15026.npz,True,-1,0
image15765.npz,False,-1,-1
image18377.npz,False,1,0
image3201.npz,False,1,1
image13173.npz,False,1,1
image16808.npz,False,1,0
image16896.npz,True,-1,-1
image18017.npz,False,1,1
image11061.npz,True,-1,0
image13616.npz,False,1,0
image11917.npz,False,1,1
image6057.npz,True,1,0
image13362.npz,True,1,0
image3012.npz,True,1,1
image17209.npz,False,1,1
image2991.npz,True,1,1
image5638.npz,False,1,1
image4114.npz,False,1,1
image3996.npz,True,1,1
image4095.npz,True,-1,0
image11907.npz,False,1,1
image11735.npz,False,1,1
image19061.npz,False,1,1
image5347.npz,False,1,1
image11809.npz,False,1,0
image2004.npz,False,1,0
image11499.npz,True,-1,0
image6847.npz,True,1,0
image5270.npz,False,1,1
image3864.npz,False,1,0
image7825.npz,False,1,0
image12623.npz,False,1,1
image13410.npz,True,1,0
image8296.npz,False,-1,0
image19540.npz,False,1,0
image9772.npz,False,-1,0
image287.npz,False,1,0
image15788.npz,True,1,1
image15889.npz,False,1,0
image18018.npz,False,-1,0
image11804.npz,True,1,0
image15381.npz,False,1,0
image9778.npz,False,1,0
image1892.npz,True,1,1
image12003.npz,False,1,1
image124.npz,False,1,0
image19297.npz,False,1,0
image163.npz,False,1,1
image5584.npz,False,-1,0
image8206.npz,False,1,1
image6971.npz,False,1,1
image17830.npz,False,1,1
image331.npz,False,1,1
image14462.npz,True,-1,0
image1591.npz,True,-1,0
image11033.npz,True,-1,0
image8433.npz,False,1,0
image10750.npz,True,-1,0
image30.npz,True,1,0
image17708.npz,True,1,0
image13386.npz,False,1,0
image2050.npz,True,-1,0
image10136.npz,True,1,0
image2758.npz,False,1,1
image18704.npz,False,1,0
image2005.npz,False,1,0
image5139.npz,True,-1,0
image555.npz,False,1,1
image3252.npz,False,1,0
image8632.npz,True,1,0
image11054.npz,True,1,1
image14488.npz,False,1,0
image16095.npz,False,1,0
image6141.npz,False,1,0
image16848.npz,False,1,0
image18585.npz,False,1,0
image5614.npz,False,1,1
image9282.npz,True,1,1
image16928.npz,False,1,0
image2572.npz,False,1,1
image7958.npz,False,1,1
image8657.npz,False,1,0
image17506.npz,True,-1,-1
image13954.npz,True,-1,-1
image6912.npz,True,1,0
image12420.npz,False,-1,-1
image12066.npz,False,-1,0
image15238.npz,True,-1,0
image16767.npz,True,-1,0
image9794.npz,True,-1,-1
image17777.npz,True,-1,0
image14617.npz,True,-1,-1
image17093.npz,True,-1,0
image3043.npz,False,-1,0
image9991.npz,False,-1,0
image11914.npz,False,1,1
image8821.npz,True,1,0
image8681.npz,False,1,0
image4201.npz,False,1,1
image5683.npz,True,-1,0
image1944.npz,True,1,0
image15994.npz,True,-1,0
image16322.npz,True,1,1
image1540.npz,False,1,0
image11950.npz,False,1,1
image8769.npz,True,1,1
image2618.npz,False,1,1
image6985.npz,True,-1,-1
image8367.npz,False,-1,0
image7834.npz,False,-1,0
image2265.npz,False,1,0
image5773.npz,True,1,0
image12885.npz,False,1,0
image10990.npz,True,-1,0
image18174.npz,False,1,0
image15199.npz,False,1,0
image19600.npz,False,1,1
image7034.npz,False,1,0
image6827.npz,True,-1,0
image19663.npz,False,1,1
image19426.npz,True,-1,-1
image16895.npz,False,1,0
image6567.npz,True,-1,0
image14375.npz,True,-1,-1
image11141.npz,True,-1,0
image10641.npz,True,1,0
image13290.npz,False,1,0
image15896.npz,True,-1,-1
image6339.npz,True,1,0
image7523.npz,False,1,1
image19298.npz,True,-1,0
image9689.npz,False,1,0
image3657.npz,False,1,1
image16796.npz,False,1,1
image2061.npz,True,-1,0
image10332.npz,True,-1,0
image13752.npz,True,1,0
image11470.npz,False,1,1
image6294.npz,False,1,1
image13760.npz,True,-1,0
image1587.npz,True,1,0
image8453.npz,True,-1,-1
image8913.npz,True,1,0
image10469.npz,True,-1,0
image16373.npz,True,1,1
image14384.npz,False,-1,0
image5759.npz,False,1,0
image610.npz,False,1,0
image9583.npz,True,-1,-1
image15215.npz,False,-1,0
image14982.npz,True,-1,0
image16209.npz,True,-1,0
image15261.npz,False,-1,0
image10846.npz,False,1,0
image5110.npz,False,-1,0
image5612.npz,True,1,0
image18572.npz,True,1,0
image1976.npz,False,1,0
image2903.npz,False,1,1
image12170.npz,True,1,0
image121.npz,True,-1,-1
image6107.npz,False,-1,-1
image6960.npz,True,-1,-1
image2620.npz,True,-1,-1
image3353.npz,True,-1,-1
image16205.npz,True,-1,-1
image15767.npz,False,-1,-1
image932.npz,False,-1,-1
image16948.npz,False,-1,0
image12030.npz,False,-1,-1
image2382.npz,True,-1,-1
image3570.npz,False,-1,-1
image2597.npz,False,-1,-1
image11994.npz,False,-1,-1
image16729.npz,False,-1,-1
image7860.npz,False,-1,-1
image18862.npz,False,-1,-1
image8709.npz,False,-1,-1
image16762.npz,False,-1,-1
image1198.npz,False,-1,-1
image18397.npz,False,-1,-1
image12040.npz,False,-1,-1
image3149.npz,False,-1,-1
image13590.npz,False,-1,-1
image17630.npz,False,-1,-1
image301.npz,False,-1,-1
image13762.npz,False,-1,-1
image11333.npz,True,-1,0
image542.npz,False,-1,-1
image8969.npz,False,-1,-1
image16820.npz,True,-1,-1
image14637.npz,False,-1,-1
image10517.npz,False,-1,-1
image12154.npz,False,-1,-1
image15246.npz,False,-1,-1
image4036.npz,False,-1,-1
image15378.npz,False,-1,-1
image6503.npz,False,-1,-1
image9311.npz,False,-1,-1
image12054.npz,False,-1,-1
image18390.npz,False,-1,-1
image4511.npz,False,-1,-1
image10008.npz,False,-1,-1
image15162.npz,False,-1,-1
image12358.npz,False,-1,-1
image8714.npz,False,-1,0
image16081.npz,False,-1,-1
image195.npz,False,-1,-1
image5689.npz,True,-1,0
image8527.npz,False,-1,-1
image19307.npz,False,-1,-1
image19079.npz,False,-1,-1
image1683.npz,False,-1,-1
image325.npz,False,-1,-1
image12245.npz,False,-1,0
image13794.npz,False,-1,0
image11797.npz,False,-1,0
image19401.npz,False,-1,-1
image6855.npz,False,-1,-1
image7876.npz,False,-1,-1
image5664.npz,False,-1,-1
image11198.npz,False,-1,-1
image17684.npz,False,-1,-1
image7058.npz,False,-1,-1
image6505.npz,False,-1,-1
image7097.npz,True,-1,-1
image4859.npz,False,-1,-1
image9620.npz,False,-1,-1
image1212.npz,False,-1,-1
image6622.npz,False,-1,-1
image19211.npz,False,-1,-1
image4356.npz,False,-1,-1
image6150.npz,False,-1,-1
image9156.npz,False,-1,-1
image16236.npz,False,-1,-1
image12865.npz,False,-1,-1
image5198.npz,False,-1,-1
image1999.npz,True,-1,-1
image352.npz,True,-1,-1
image9411.npz,False,-1,-1
image7334.npz,False,-1,-1
image19109.npz,False,-1,-1
image7198.npz,False,-1,-1
image3090.npz,False,-1,-1
image6309.npz,False,1,0
image9005.npz,False,-1,0
image5182.npz,False,-1,-1
image18116.npz,False,-1,-1
image2704.npz,False,-1,-1
image12741.npz,False,-1,-1
image36.npz,False,-1,-1
image14200.npz,False,-1,-1
image18015.npz,False,-1,0
image12441.npz,False,-1,0
image15783.npz,False,1,0
image14754.npz,False,-1,-1
image19048.npz,False,-1,-1
image15421.npz,False,-1,0
image8959.npz,True,-1,-1
image12770.npz,True,-1,-1
image16350.npz,False,-1,0
image9028.npz,False,-1,-1
image17518.npz,False,-1,0
image8867.npz,False,-1,-1
image995.npz,False,-1,-1
image8378.npz,False,-1,-1
image4310.npz,False,-1,-1
image2587.npz,False,-1,-1
image5721.npz,False,-1,-1
image2450.npz,False,-1,-1
image9961.npz,False,-1,-1
image12456.npz,False,-1,-1
image10347.npz,False,-1,-1
image12240.npz,False,-1,0
image18925.npz,False,-1,0
image9239.npz,False,-1,-1
image15309.npz,False,-1,-1
image18903.npz,True,-1,0
image10660.npz,True,-1,0
image12073.npz,True,-1,0
image12809.npz,True,-1,0
image5906.npz,False,-1,0
image4200.npz,False,-1,-1
image1275.npz,True,-1,0
image3859.npz,False,-1,0
image3893.npz,False,-1,0
image3221.npz,False,-1,0
image13722.npz,False,-1,-1
image15590.npz,False,-1,-1
image17469.npz,False,1,0
image16028.npz,False,-1,0
image18294.npz,True,-1,-1
image17531.npz,True,-1,-1
image13079.npz,False,-1,0
image9319.npz,False,-1,0
image3231.npz,False,-1,-1
image8585.npz,False,-1,-1
image9345.npz,False,-1,-1
image17361.npz,False,-1,-1
image19389.npz,False,-1,-1
image1636.npz,True,-1,0
image1443.npz,False,-1,-1
image1256.npz,False,-1,-1
image1598.npz,False,-1,-1
image15000.npz,False,-1,-1
image16633.npz,False,-1,-1
image3483.npz,False,-1,-1
image12859.npz,False,-1,-1
image3535.npz,False,-1,-1
image3549.npz,False,-1,-1
image6762.npz,False,-1,-1
image7400.npz,True,-1,-1
image9866.npz,False,-1,-1
image12752.npz,False,-1,-1
image2928.npz,False,-1,-1
image921.npz,False,-1,-1
image11049.npz,False,-1,-1
image3520.npz,False,-1,-1
image11084.npz,True,-1,-1
image1367.npz,True,-1,-1
image3585.npz,False,-1,-1
image18571.npz,False,-1,-1
image2355.npz,False,-1,-1
image1601.npz,False,-1,-1
image16167.npz,False,-1,-1
image16652.npz,False,-1,-1
image11811.npz,False,-1,-1
image19386.npz,False,-1,-1
image13487.npz,True,1,0
image12801.npz,False,-1,-1
image18477.npz,False,-1,-1
image8331.npz,False,-1,0
image8014.npz,False,-1,-1
image3199.npz,False,-1,-1
image6500.npz,True,-1,-1
image18483.npz,True,-1,-1
image8506.npz,False,-1,-1
image19290.npz,False,-1,-1
image5069.npz,False,-1,-1
image3465.npz,False,-1,-1
image912.npz,False,-1,-1
image14923.npz,False,-1,-1
image12775.npz,False,-1,-1
image7881.npz,False,-1,-1
image15046.npz,False,-1,-1
image1394.npz,True,-1,-1
image12252.npz,True,-1,-1
image17884.npz,True,-1,-1
image5815.npz,True,-1,-1
image7956.npz,True,-1,0
image17502.npz,True,-1,0
image18698.npz,False,-1,-1
image2578.npz,False,-1,-1
image2045.npz,False,-1,-1
image3612.npz,False,-1,-1
image10681.npz,False,-1,-1
image12458.npz,True,-1,-1
image4371.npz,True,-1,-1
image5206.npz,False,-1,-1
image2500.npz,True,-1,-1
image8850.npz,True,-1,-1
image8955.npz,False,1,0
image2549.npz,True,-1,0
image7625.npz,False,-1,0
image15742.npz,True,-1,0
image15339.npz,False,-1,0
image13921.npz,True,-1,-1
image6743.npz,False,-1,-1
image3584.npz,True,-1,-1
image6571.npz,True,-1,0
image16585.npz,True,-1,0
image1097.npz,True,-1,0
image19199.npz,False,1,0
image10808.npz,True,-1,-1
image5145.npz,True,-1,0
image4016.npz,True,-1,-1
image17185.npz,False,1,1
image17037.npz,False,1,0
image8601.npz,False,-1,0
image2020.npz,True,-1,0
image10870.npz,False,1,0
image18357.npz,False,-1,0
image19267.npz,False,1,0
image4981.npz,False,-1,0
image1048.npz,False,-1,0
image10403.npz,False,1,1
image7138.npz,False,-1,0
image7633.npz,False,1,1
image6152.npz,False,-1,0
image834.npz,False,-1,-1
image6945.npz,True,-1,0
image5932.npz,False,-1,0
image15753.npz,False,-1,-1
image15425.npz,False,-1,-1
image18593.npz,False,1,1
image3445.npz,True,-1,0
image11727.npz,False,-1,0
image15748.npz,False,-1,0
image12359.npz,True,-1,-1
image14480.npz,True,-1,-1
image10949.npz,True,-1,0
image13021.npz,False,-1,0
image8290.npz,True,1,0
image17412.npz,True,-1,-1
image6648.npz,True,-1,-1
image6605.npz,False,1,0
image8402.npz,True,-1,0
image14503.npz,False,-1,-1
image4872.npz,True,-1,-1
image6115.npz,False,1,0
image1856.npz,True,-1,-1
image1373.npz,True,-1,0
image14289.npz,False,1,0
image13782.npz,False,-1,0
image15304.npz,False,-1,0
image18290.npz,False,-1,0
image17702.npz,False,1,0
image10484.npz,True,1,1
image3547.npz,False,1,1
image11138.npz,True,-1,0
image2515.npz,False,1,1
image2746.npz,False,1,0
image5482.npz,False,-1,0
image5641.npz,False,1,1
image16290.npz,False,1,0
image5411.npz,False,-1,0
image15423.npz,False,1,1
image17179.npz,False,1,0
image8459.npz,False,1,0
image7257.npz,True,-1,-1
image5014.npz,True,-1,0
image4737.npz,False,-1,0
image18239.npz,True,-1,0
image5019.npz,False,1,0
image12750.npz,False,1,0
image216.npz,True,-1,-1
image4417.npz,False,1,1
image17563.npz,False,-1,-1
image16048.npz,True,-1,0
image7711.npz,True,-1,0
image18728.npz,False,-1,-1
image5425.npz,False,-1,0
image13071.npz,False,1,0
image45.npz,False,-1,-1
image18193.npz,False,1,0
image12367.npz,False,-1,0
image3372.npz,True,1,0
image4176.npz,False,1,1
image9575.npz,False,1,0
image14113.npz,False,1,0
image9125.npz,False,1,0
image4828.npz,False,1,0
image4107.npz,False,1,0
image1585.npz,True,-1,0
image6317.npz,False,1,0
image15585.npz,True,-1,-1
image8026.npz,True,-1,0
image10167.npz,False,1,1
image11012.npz,False,1,0
image8382.npz,False,1,0
image18913.npz,False,-1,0
image1364.npz,False,-1,0
image14010.npz,False,1,1
image13566.npz,True,-1,0
image1877.npz,False,1,0
image6872.npz,False,-1,0
image7180.npz,False,1,0
image6978.npz,False,1,1
image4749.npz,False,1,1
image5474.npz,False,1,1
image12722.npz,True,-1,-1
image19146.npz,False,1,1
image18842.npz,False,1,0
image18810.npz,False,-1,-1
image9743.npz,False,-1,0
image9636.npz,False,1,0
image769.npz,False,1,0
image14659.npz,False,1,1
image3674.npz,False,1,0
image19404.npz,False,1,0
image19288.npz,False,-1,0
image3444.npz,False,1,0
image12329.npz,False,-1,0
image14824.npz,False,1,0
image1131.npz,False,-1,0
image5376.npz,False,1,0
image15059.npz,False,1,0
image15464.npz,False,1,0
image3937.npz,False,1,0
image8791.npz,False,1,0
image1937.npz,False,1,0
image17380.npz,False,1,1
image6768.npz,True,-1,-1
image13521.npz,False,1,1
image6591.npz,False,-1,-1
image13596.npz,False,1,0
image13387.npz,False,1,1
image1910.npz,False,-1,-1
image11643.npz,False,1,1
image13858.npz,False,1,0
image10395.npz,False,1,0
image49.npz,False,1,1
image794.npz,True,-1,0
image4719.npz,False,1,1
image12501.npz,False,-1,0
image18966.npz,False,1,1
image16289.npz,False,1,0
image16870.npz,False,-1,0
image15641.npz,False,1,0
image12436.npz,False,1,1
image14889.npz,False,1,1
image7232.npz,False,1,1
image13248.npz,False,1,0
image1110.npz,True,-1,0
image5515.npz,False,-1,0
image17332.npz,False,-1,0
image10132.npz,False,1,0
image4381.npz,False,-1,0
image13380.npz,False,-1,0
image11595.npz,False,1,0
image6572.npz,False,1,0
image3400.npz,False,1,1
image15296.npz,False,1,0
image9850.npz,True,1,1
image13304.npz,True,1,1
image14275.npz,False,1,1
image2670.npz,False,1,1
image16386.npz,False,1,1
image11920.npz,False,1,0
image18071.npz,False,1,0
image19547.npz,False,1,0
image84.npz,False,-1,0
image8984.npz,True,1,1
image1024.npz,True,1,1
image6689.npz,True,1,1
image3110.npz,False,-1,0
image7006.npz,False,1,0
image2463.npz,False,1,1
image6058.npz,False,1,1
image12074.npz,False,1,1
image2371.npz,False,1,0
image16910.npz,False,1,1
image4660.npz,True,-1,0
image3614.npz,True,1,0
image7267.npz,False,-1,0
image6456.npz,False,1,0
image14006.npz,False,1,0
image19539.npz,False,1,1
image12445.npz,False,1,1
image1301.npz,False,1,0
image13133.npz,False,1,0
image17492.npz,False,1,0
image16593.npz,False,1,0
image18113.npz,False,1,1
image12796.npz,False,-1,0
image8015.npz,False,1,0
image4878.npz,False,1,0
image3799.npz,True,-1,0
image13157.npz,False,1,1
image12867.npz,False,1,0
image896.npz,False,1,0
image4735.npz,False,1,0
image3921.npz,False,1,1
image9484.npz,False,1,1
image4791.npz,False,1,1
image4803.npz,False,1,1
image11178.npz,False,1,1
image18896.npz,False,-1,0
image10777.npz,True,-1,0
image3662.npz,True,-1,-1
image12669.npz,False,1,1
image1298.npz,False,-1,0
image15865.npz,False,1,1
image17446.npz,False,1,1
image12483.npz,True,1,0
image17400.npz,False,1,1
image655.npz,False,1,1
image9951.npz,False,1,1
image13797.npz,False,1,0
image6211.npz,False,1,0
image10398.npz,False,1,1
image15401.npz,False,1,0
image149.npz,False,1,1
image5938.npz,False,1,0
image2352.npz,False,1,0
image372.npz,False,1,1
image806.npz,False,1,1
image3871.npz,False,1,1
image7355.npz,True,1,0
image17769.npz,True,1,1
image6426.npz,False,1,1
image3780.npz,True,1,1
image10473.npz,False,1,0
image16098.npz,True,-1,-1
image15989.npz,False,1,1
image10951.npz,False,-1,0
image5001.npz,False,1,1
image5971.npz,False,-1,0
image8652.npz,False,1,0
image19104.npz,False,-1,0
image8368.npz,False,1,0
image13690.npz,False,1,1
image4501.npz,False,1,0
image3989.npz,False,1,0
image15979.npz,True,1,0
image7111.npz,True,1,0
image14132.npz,False,-1,0
image7078.npz,False,1,0
image19611.npz,False,1,1
image268.npz,False,1,1
image4598.npz,False,1,0
image1281.npz,False,1,1
image10960.npz,False,1,0
image19374.npz,False,1,0
image7471.npz,True,-1,0
image11767.npz,False,1,0
image18417.npz,False,1,0
image3847.npz,False,1,1
image7438.npz,False,1,0
image10853.npz,False,-1,0
image14595.npz,False,1,0
image14956.npz,False,-1,0
image13774.npz,False,-1,0
image18452.npz,False,-1,0
image12878.npz,False,-1,0
image18180.npz,True,-1,-1
image10855.npz,False,1,1
image18890.npz,True,-1,0
image6744.npz,True,-1,0
image6742.npz,True,-1,-1
image7183.npz,False,1,1
image6880.npz,False,1,0
image178.npz,False,-1,0
image6396.npz,True,-1,0
image6332.npz,False,-1,0
image16621.npz,False,1,0
image16403.npz,False,1,0
image8246.npz,False,1,0
image8901.npz,False,1,0
image12554.npz,False,-1,0
image13267.npz,False,1,0
image15372.npz,False,-1,0
image3532.npz,False,1,1
image12710.npz,True,-1,-1
image14918.npz,True,-1,-1
image16349.npz,True,-1,-1
image11543.npz,True,-1,-1
image9147.npz,False,-1,-1
image17338.npz,False,-1,-1
image9325.npz,False,-1,-1
image10185.npz,False,-1,-1
image13026.npz,False,-1,0
image4780.npz,True,-1,-1
image15805.npz,False,-1,-1
image13813.npz,False,-1,-1
image4404.npz,False,-1,-1
image19510.npz,True,-1,-1
image8101.npz,False,-1,-1
image9955.npz,True,-1,-1
image19457.npz,False,-1,-1
image16603.npz,False,-1,-1
image18994.npz,True,-1,-1
image17909.npz,False,-1,0
image10381.npz,False,-1,-1
image3658.npz,False,1,0
image6191.npz,False,1,0
image15637.npz,False,-1,0
image3690.npz,False,-1,-1
image11431.npz,True,-1,-1
image5228.npz,True,-1,-1
image17448.npz,False,-1,-1
image16206.npz,False,-1,-1
image16272.npz,True,-1,-1
image6463.npz,True,1,0
image7596.npz,True,-1,0
image16496.npz,True,1,0
image2845.npz,True,-1,0
image17879.npz,True,1,0
image14994.npz,True,-1,-1
image14693.npz,True,-1,0
image9074.npz,True,1,0
image13615.npz,True,1,1
image12694.npz,True,1,1
image3687.npz,True,1,0
image6751.npz,True,1,0
image1612.npz,True,1,1
image8054.npz,True,1,0
image868.npz,True,1,1
image2933.npz,False,1,0
image18816.npz,False,-1,0
image9666.npz,False,-1,-1
image13298.npz,False,-1,0
image3640.npz,False,-1,-1
image3971.npz,True,-1,0
image5645.npz,True,-1,0
image12929.npz,False,1,0
image11851.npz,False,-1,-1
image17111.npz,False,-1,0
image10614.npz,True,-1,-1
image4917.npz,False,-1,0
image18743.npz,False,1,0
image18004.npz,False,-1,-1
image10114.npz,False,-1,-1
image4492.npz,True,-1,-1
image18984.npz,False,-1,-1
image17347.npz,False,-1,-1
image3029.npz,False,-1,-1
image5574.npz,False,-1,0
image10982.npz,False,-1,0
image18675.npz,False,1,0
image1042.npz,False,-1,0
image16316.npz,False,-1,0
image9524.npz,False,-1,0
image15902.npz,True,-1,0
image4194.npz,False,-1,-1
image13951.npz,False,-1,-1
image8172.npz,False,-1,-1
image18726.npz,True,-1,0
image17058.npz,False,1,0
image1419.npz,False,-1,0
image8306.npz,False,-1,-1
image14554.npz,True,-1,-1
image19520.npz,False,1,0
image15835.npz,True,-1,-1
image4430.npz,False,-1,0
image6560.npz,False,-1,-1
image1641.npz,False,-1,-1
image16393.npz,False,-1,-1
image10101.npz,True,-1,-1
image10090.npz,False,-1,-1
image8853.npz,False,-1,-1
image16302.npz,False,-1,-1
image12692.npz,False,-1,-1
image19666.npz,False,-1,-1
image4193.npz,False,-1,-1
image16573.npz,False,-1,-1
image16899.npz,False,-1,0
image275.npz,False,-1,-1
image17398.npz,False,-1,-1
image953.npz,True,-1,-1
image1026.npz,True,-1,-1
image2439.npz,False,-1,-1
image4090.npz,False,-1,-1
image7698.npz,False,-1,-1
image14391.npz,False,1,0
image10342.npz,False,-1,-1
image14792.npz,True,-1,0
image10673.npz,False,-1,-1
image15088.npz,False,-1,-1
image15981.npz,False,-1,-1
image9690.npz,False,-1,-1
image15591.npz,False,-1,-1
image5882.npz,False,-1,-1
image12582.npz,False,-1,-1
image15468.npz,True,1,0
image6435.npz,True,1,0
image10412.npz,False,-1,-1
image6100.npz,True,-1,-1
image18461.npz,False,-1,-1
image14722.npz,True,-1,-1
image10198.npz,True,-1,0
image16137.npz,True,-1,0
image10537.npz,True,-1,0
image3467.npz,True,-1,-1
image6968.npz,False,-1,0
image15899.npz,False,-1,-1
image9861.npz,False,-1,-1
image15808.npz,False,-1,-1
image1930.npz,True,-1,-1
image1721.npz,False,-1,-1
image11582.npz,False,-1,-1
image311.npz,False,-1,-1
image12396.npz,False,-1,0
image8339.npz,False,-1,0
image6776.npz,False,-1,0
image5085.npz,False,-1,0
image3278.npz,True,1,0
image14220.npz,True,1,0
image14426.npz,True,-1,-1
image14816.npz,False,-1,0
image4093.npz,False,-1,0
image9621.npz,False,-1,-1
image10860.npz,False,-1,-1
image604.npz,False,1,0
image18945.npz,False,-1,0
image2677.npz,False,-1,0
image1003.npz,True,-1,0
image14144.npz,True,-1,0
image11435.npz,False,1,0
image13100.npz,False,-1,0
image8178.npz,True,1,1
image6112.npz,False,-1,-1
image7015.npz,False,-1,-1
image7718.npz,False,-1,-1
image10782.npz,True,1,0
image10384.npz,True,-1,0
image5138.npz,True,1,0
image13996.npz,True,1,0
image15942.npz,True,1,0
image15699.npz,True,1,0
image3946.npz,True,-1,0
image10623.npz,True,-1,0
image2946.npz,True,-1,0
image5867.npz,True,1,0
image8058.npz,True,1,0
image12147.npz,True,1,0
image9163.npz,True,1,0
image17999.npz,False,1,0
image1336.npz,True,-1,0
image10079.npz,True,1,1
image1452.npz,True,1,1
image286.npz,True,1,0
image3830.npz,True,1,1
image11073.npz,True,1,1
image15075.npz,True,1,1
image15578.npz,True,1,1
image17949.npz,True,1,0
image11953.npz,True,1,0
image5283.npz,True,1,0
image16833.npz,True,1,1
image7797.npz,False,-1,0
image18785.npz,True,-1,0
image5490.npz,False,-1,0
image17030.npz,True,-1,0
image2696.npz,True,-1,-1
image3462.npz,False,-1,0
image357.npz,False,-1,-1
image5067.npz,False,-1,-1
image12197.npz,False,-1,0
image19312.npz,True,-1,-1
image3332.npz,True,-1,-1
image13483.npz,False,-1,0
image6529.npz,False,-1,0
image366.npz,True,-1,0
image9115.npz,True,-1,-1
image15086.npz,True,1,0
image4259.npz,True,1,0
image12676.npz,True,-1,0
image14491.npz,False,-1,-1
image2021.npz,False,-1,-1
image16637.npz,False,-1,-1
image1340.npz,False,-1,-1
image8403.npz,True,-1,-1
image12057.npz,True,1,0
image17267.npz,True,-1,0
image9366.npz,True,-1,0
image5097.npz,True,-1,0
image8793.npz,False,1,0
image18420.npz,False,1,0
image9855.npz,False,1,1
image10679.npz,False,-1,-1
image13220.npz,True,1,0
image12609.npz,True,-1,0
image10598.npz,True,-1,0
image2383.npz,True,-1,-1
image18019.npz,False,1,0
image16053.npz,False,-1,-1
image4226.npz,False,-1,-1
image8639.npz,False,-1,0
image18776.npz,False,-1,0
image15871.npz,True,-1,-1
image15872.npz,False,1,1
image8595.npz,True,1,1
image13454.npz,False,1,0
image17659.npz,False,1,1
image3924.npz,False,1,0
image14445.npz,False,1,1
image7466.npz,True,1,0
image5183.npz,True,1,1
image16612.npz,False,1,1
image5494.npz,True,-1,0
image8397.npz,False,1,0
image1835.npz,False,1,1
image10187.npz,True,1,1
image18455.npz,False,1,0
image16692.npz,True,-1,0
image9014.npz,True,1,0
image16764.npz,False,1,0
image4341.npz,False,1,0
image4743.npz,True,1,1
image9173.npz,False,1,0
image7519.npz,False,-1,0
image18083.npz,False,1,0
image9165.npz,False,1,0
image11137.npz,True,-1,0
image9589.npz,False,-1,0
image17942.npz,True,1,0
image3533.npz,False,-1,0
image889.npz,True,-1,0
image7153.npz,False,1,0
image7436.npz,False,1,1
image15412.npz,False,1,0
image18740.npz,False,-1,0
image1375.npz,True,1,1
image179.npz,True,1,1
image16375.npz,True,1,0
image1361.npz,False,-1,-1
image12243.npz,False,1,1
image4692.npz,False,1,1
image17952.npz,False,1,0
image7749.npz,False,1,1
image6410.npz,False,1,1
image988.npz,False,-1,0
image13734.npz,True,1,1
image5550.npz,True,1,0
image11340.npz,True,-1,-1
image7328.npz,True,-1,0
image14136.npz,False,-1,0
image9099.npz,True,-1,0
image309.npz,True,1,1
image14472.npz,True,1,1
image15465.npz,True,1,1
image2443.npz,True,1,1
image3691.npz,True,1,1
image19557.npz,True,1,1
image19545.npz,True,1,1
image17806.npz,True,1,1
image5316.npz,False,-1,0
image11754.npz,False,1,1
image4858.npz,True,-1,0
image2530.npz,True,1,0
image14229.npz,True,1,0
image9355.npz,False,1,0
image19308.npz,True,1,1
image8881.npz,False,1,0
image5191.npz,True,1,1
image17097.npz,True,1,1
image14129.npz,True,1,0
image592.npz,False,1,1
image5192.npz,True,1,0
image14820.npz,True,1,0
image5045.npz,False,1,1
image7038.npz,True,1,1
image16522.npz,False,1,0
image6386.npz,True,1,1
image16813.npz,True,-1,0
image8128.npz,True,-1,0
image16963.npz,False,1,0
image2602.npz,False,1,1
image3355.npz,False,1,1
image14997.npz,True,1,1
image18389.npz,False,1,1
image13592.npz,False,1,1
image5373.npz,True,1,1
image18139.npz,False,1,0
image15560.npz,True,-1,0
image9912.npz,True,-1,0
image16485.npz,True,-1,0
image3756.npz,False,1,1
image12291.npz,False,1,0
image14682.npz,True,-1,0
image16173.npz,True,-1,0
image13840.npz,True,-1,0
image12734.npz,True,1,0
image8842.npz,False,1,0
image12893.npz,True,-1,-1
image3103.npz,True,-1,0
image7051.npz,True,1,0
image2493.npz,True,-1,0
image9250.npz,False,1,0
image13737.npz,False,1,0
image16792.npz,True,-1,-1
image2949.npz,False,-1,-1
image11569.npz,False,1,1
image1456.npz,True,1,0
image18769.npz,True,1,0
image16241.npz,True,1,0
image10603.npz,True,-1,-1
image13982.npz,False,-1,0
image15938.npz,True,1,0
image14124.npz,False,-1,0
image18365.npz,True,-1,0
image15855.npz,True,-1,-1
image12650.npz,True,-1,-1
image4479.npz,True,-1,0
image15798.npz,False,1,0
image472.npz,True,-1,-1
image19441.npz,True,-1,0
image2327.npz,True,-1,0
image13172.npz,True,-1,0
image6902.npz,True,1,0
image3651.npz,False,1,0
image11332.npz,False,1,0
image825.npz,False,1,0
image1144.npz,False,1,0
image5741.npz,False,1,0
image13114.npz,False,1,0
image18127.npz,True,1,0
image4843.npz,False,1,0
image13805.npz,False,-1,0
image6885.npz,True,-1,-1
image6940.npz,False,-1,0
image673.npz,False,-1,0
image18587.npz,False,1,0
image18799.npz,False,1,0
image13111.npz,False,1,0
image16435.npz,False,1,0
image10126.npz,False,1,0
image3031.npz,False,1,0
image5148.npz,True,1,0
image12719.npz,False,1,1
image2275.npz,False,1,1
image19002.npz,False,1,1
image17054.npz,False,1,1
image15250.npz,True,-1,0
image5567.npz,False,1,0
image1483.npz,False,1,0
image5010.npz,False,1,1
image2316.npz,False,1,0
image5364.npz,False,1,0
image1917.npz,True,1,0
image3091.npz,False,-1,0
image2888.npz,False,1,0
image7506.npz,False,1,1
image4854.npz,True,-1,-1
image18040.npz,False,1,0
image5734.npz,True,1,0
image9605.npz,False,1,1
image2688.npz,True,-1,0
image1436.npz,True,1,0
image491.npz,False,-1,0
image14524.npz,False,1,1
image8370.npz,False,1,0
image10129.npz,False,-1,0
image4408.npz,True,-1,0
image140.npz,False,1,1
image9884.npz,False,1,1
image1805.npz,False,1,0
image4873.npz,False,1,1
image6287.npz,False,1,0
image2314.npz,False,1,0
image10209.npz,False,1,0
image5218.npz,False,1,0
image12392.npz,False,1,1
image16517.npz,True,1,1
image13107.npz,True,1,0
image3696.npz,False,1,0
image4782.npz,False,-1,0
image5834.npz,False,1,0
image8130.npz,True,1,1
image10162.npz,False,1,1
image7553.npz,False,1,1
image6243.npz,False,1,1
image15572.npz,False,1,1
image6583.npz,False,1,0
image7378.npz,True,1,1
image18178.npz,False,1,1
image7701.npz,False,1,0
image5226.npz,False,1,0
image2170.npz,True,1,1
image8886.npz,False,1,1
image15740.npz,True,1,0
image1412.npz,False,1,0
image5812.npz,True,1,1
image9841.npz,True,1,0
image15711.npz,False,1,1
image15907.npz,False,1,1
image779.npz,False,1,1
image3951.npz,False,1,1
image5476.npz,False,1,0
image8789.npz,False,1,1
image4478.npz,True,1,1
image3942.npz,True,1,0
image17554.npz,False,1,1
image10191.npz,False,1,0
image9249.npz,False,1,1
image13678.npz,True,1,0
image12477.npz,False,-1,0
image6832.npz,True,1,0
image15406.npz,False,1,0
image18124.npz,False,1,0
image6382.npz,False,-1,0
image3550.npz,False,1,0
image13420.npz,False,1,1
image5678.npz,False,1,1
image7832.npz,True,1,1
image4198.npz,False,1,1
image15485.npz,True,1,1
image7065.npz,False,1,1
image13499.npz,False,1,1
image12084.npz,False,1,1
image18082.npz,True,-1,0
image10451.npz,True,1,1
image5704.npz,False,1,1
image12452.npz,False,1,0
image5243.npz,False,1,1
image4984.npz,False,1,1
image8848.npz,True,-1,0
image4778.npz,False,1,1
image16582.npz,True,1,1
image3740.npz,True,-1,0
image16180.npz,True,1,1
image9853.npz,False,1,1
image14149.npz,False,1,1
image17454.npz,False,1,0
image6923.npz,True,1,0
image8926.npz,True,1,0
image5541.npz,False,1,0
image12375.npz,True,1,0
image5368.npz,False,1,1
image18567.npz,False,1,0
image1229.npz,False,1,0
image7983.npz,True,-1,0
image1834.npz,False,1,0
image11318.npz,True,1,0
image19517.npz,False,1,1
image13284.npz,False,1,1
image12286.npz,False,1,0
image6556.npz,False,1,1
image3237.npz,True,1,0
image3797.npz,True,1,1
image8826.npz,False,1,0
image3450.npz,False,1,1
image4775.npz,False,1,1
image1013.npz,False,1,1
image14254.npz,False,1,1
image16926.npz,False,1,1
image10055.npz,True,1,0
image7181.npz,False,1,0
image12470.npz,True,-1,0
image12940.npz,True,1,0
image190.npz,False,1,0
image19513.npz,True,-1,0
image11859.npz,False,1,0
image16450.npz,False,-1,0
image923.npz,False,1,0
image3565.npz,False,1,1
image13723.npz,False,1,1
image9371.npz,True,1,0
image9536.npz,False,1,1
image13907.npz,False,1,1
image3360.npz,False,1,1
image9146.npz,False,1,1
image10477.npz,False,1,0
image14505.npz,False,1,1
image8695.npz,True,1,1
image4952.npz,True,1,1
image12795.npz,False,1,1
image11519.npz,False,1,1
image16395.npz,True,-1,0
image1645.npz,True,1,0
image8002.npz,False,1,1
image12805.npz,True,1,0
image19452.npz,True,-1,0
image239.npz,False,-1,0
image6518.npz,True,1,1
image11356.npz,True,-1,0
image135.npz,False,1,1
image9709.npz,True,-1,0
image10995.npz,False,1,1
image9207.npz,False,1,0
image12298.npz,False,1,1
image57.npz,True,1,0
image6800.npz,False,1,0
image14236.npz,True,1,0
image9084.npz,False,-1,0
image8777.npz,False,1,0
image11254.npz,False,1,1
image7922.npz,False,1,0
image11831.npz,True,-1,0
image6103.npz,True,1,1
image19300.npz,False,1,1
image12336.npz,True,-1,0
image15859.npz,True,-1,0
image10041.npz,False,1,1
image4564.npz,True,1,1
image7752.npz,True,1,1
image5901.npz,False,1,0
image19453.npz,False,1,0
image18110.npz,True,1,0
image3886.npz,True,1,0
image6553.npz,True,1,0
image14454.npz,False,1,1
image4022.npz,False,1,1
image3308.npz,False,1,1
image7792.npz,False,1,0
image13871.npz,False,1,1
image4017.npz,True,-1,0
image3162.npz,True,1,0
image5505.npz,False,1,0
image19364.npz,False,1,0
image17129.npz,True,1,0
image2700.npz,True,-1,0
image19000.npz,True,1,0
image8872.npz,False,1,0
image13296.npz,False,1,1
image14219.npz,False,1,1
image16021.npz,False,-1,0
image11781.npz,False,1,1
image12974.npz,True,-1,0
image8953.npz,True,-1,-1
image19455.npz,False,1,0
image17082.npz,True,-1,-1
image4103.npz,False,1,1
image413.npz,True,-1,0
image3846.npz,False,1,0
image13597.npz,False,1,1
image9373.npz,True,1,0
image1644.npz,False,1,1
image9539.npz,False,-1,-1
image18533.npz,True,1,0
image150.npz,True,-1,0
image16090.npz,False,1,0
image9882.npz,False,1,0
image11406.npz,True,1,1
image3606.npz,False,1,1
image1530.npz,False,-1,0
image16710.npz,True,1,0
image7040.npz,False,1,1
image19596.npz,False,1,1
image16294.npz,False,1,1
image3853.npz,True,1,1
image11915.npz,True,1,0
image15845.npz,True,1,1
image3866.npz,True,1,1
image17694.npz,True,1,1
image9563.npz,True,1,1
image3078.npz,True,1,1
image13462.npz,True,1,0
image12901.npz,False,1,0
image14844.npz,True,1,0
image8929.npz,False,1,0
image1557.npz,False,1,1
image3401.npz,False,1,0
image1844.npz,True,-1,0
image19646.npz,False,1,0
image922.npz,True,1,1
image8098.npz,True,1,1
image590.npz,False,1,1
image19102.npz,True,1,0
image4864.npz,False,-1,0
image18526.npz,True,-1,-1
image882.npz,False,-1,-1
image2972.npz,False,-1,0
image3877.npz,False,-1,0
image19490.npz,False,-1,-1
image13929.npz,False,-1,-1
image4393.npz,False,-1,-1
image12581.npz,False,-1,0
image7544.npz,False,-1,-1
image1277.npz,False,-1,-1
image13754.npz,False,-1,-1
image3161.npz,False,-1,-1
image17978.npz,False,-1,0
image14286.npz,False,-1,0
image10491.npz,False,-1,-1
image19638.npz,False,-1,-1
image2944.npz,False,-1,-1
image13305.npz,False,-1,0
image10426.npz,True,-1,-1
image1764.npz,False,-1,-1
image18069.npz,True,-1,-1
image9277.npz,False,-1,-1
image10247.npz,False,-1,-1
image2097.npz,False,-1,-1
image12653.npz,False,-1,-1
image9102.npz,False,-1,-1
image3341.npz,False,-1,-1
image11240.npz,True,-1,0
image3183.npz,False,-1,0
image17250.npz,False,-1,-1
image15133.npz,False,-1,0
image2238.npz,False,-1,0
image2138.npz,True,-1,-1
image15257.npz,False,-1,0
image9175.npz,False,-1,0
image17701.npz,False,-1,0
image13178.npz,False,-1,-1
image728.npz,False,-1,0
image12574.npz,False,-1,0
image5042.npz,False,-1,-1
image4805.npz,False,-1,-1
image18993.npz,False,-1,-1
image12663.npz,False,-1,-1
image16566.npz,False,-1,-1
image2219.npz,True,-1,-1
image5915.npz,False,-1,-1
image10560.npz,False,-1,-1
image15164.npz,False,-1,-1
image15248.npz,False,-1,-1
image17561.npz,False,-1,-1
image10987.npz,False,-1,-1
image3754.npz,False,-1,-1
image446.npz,False,-1,-1
image771.npz,False,-1,-1
image2311.npz,False,-1,-1
image14933.npz,False,-1,-1
image16172.npz,False,-1,-1
image16506.npz,False,-1,-1
image4280.npz,False,-1,-1
image17671.npz,True,-1,-1
image16023.npz,True,-1,-1
image7830.npz,True,-1,-1
image746.npz,True,-1,0
image4027.npz,True,-1,0
image17195.npz,False,-1,-1
image10866.npz,True,-1,0
image13570.npz,False,-1,-1
image13801.npz,False,-1,-1
image712.npz,False,-1,-1
image10807.npz,False,-1,-1
image7327.npz,False,-1,-1
image5919.npz,False,-1,-1
image10836.npz,False,-1,-1
image8833.npz,True,-1,-1
image3750.npz,False,-1,-1
image726.npz,False,-1,-1
image11253.npz,False,-1,-1
image7967.npz,True,-1,-1
image7812.npz,False,-1,-1
image7151.npz,False,-1,-1
image18671.npz,False,-1,-1
image16335.npz,False,-1,-1
image1465.npz,False,-1,-1
image523.npz,False,-1,-1
image2359.npz,False,-1,-1
image13651.npz,False,-1,-1
image13174.npz,False,-1,-1
image13025.npz,True,-1,-1
image15429.npz,False,-1,-1
image15867.npz,False,-1,-1
image2236.npz,False,-1,-1
image18853.npz,False,-1,-1
image7873.npz,False,-1,-1
image14052.npz,False,-1,-1
image14641.npz,False,-1,-1
image3067.npz,False,-1,-1
image6341.npz,True,-1,-1
image15422.npz,False,-1,-1
image10456.npz,False,-1,-1
image10527.npz,True,-1,-1
image5716.npz,False,-1,-1
image7861.npz,True,-1,0
image12415.npz,False,-1,0
image136.npz,False,-1,0
image369.npz,False,1,0
image12215.npz,False,-1,0
image14734.npz,False,-1,-1
image14316.npz,False,1,0
image14885.npz,False,-1,0
image1829.npz,False,-1,-1
image18840.npz,False,-1,-1
image4543.npz,False,-1,-1
image1069.npz,False,1,0
image7581.npz,False,1,0
image12540.npz,False,1,0
image2391.npz,False,1,0
image4574.npz,False,-1,0
image19656.npz,False,1,0
image16140.npz,False,1,0
image7645.npz,False,1,0
image14134.npz,False,1,0
image13056.npz,False,1,0
image1417.npz,False,-1,0
image15764.npz,False,1,0
image13940.npz,False,1,0
image14527.npz,False,1,0
image11339.npz,False,-1,0
image19603.npz,False,1,1
image6075.npz,False,1,0
image392.npz,True,-1,0
image17553.npz,False,1,1
image7975.npz,False,1,0
image10905.npz,False,1,1
image17017.npz,False,1,0
image15116.npz,False,1,1
image16497.npz,False,-1,0
image236.npz,False,-1,0
image5820.npz,False,1,1
image17577.npz,False,1,0
image7347.npz,False,1,1
image402.npz,False,-1,0
image14709.npz,False,1,0
image12357.npz,False,1,0
image8181.npz,True,1,0
image10694.npz,False,-1,-1
image14781.npz,True,-1,-1
image17258.npz,False,-1,-1
image1332.npz,False,-1,-1
image15900.npz,True,-1,-1
image10601.npz,False,-1,0
image18253.npz,False,-1,-1
image11607.npz,False,-1,0
image17336.npz,False,-1,0
image13078.npz,False,-1,0
image8432.npz,False,1,0
image17683.npz,False,1,0
image8250.npz,False,-1,0
image18249.npz,False,1,0
image13881.npz,False,1,0
image18920.npz,False,-1,0
image17244.npz,False,-1,0
image18172.npz,False,-1,0
image8330.npz,False,-1,0
image9628.npz,True,-1,-1
image2825.npz,False,-1,0
image2593.npz,False,1,1
image1538.npz,True,-1,-1
image5850.npz,True,-1,-1
image620.npz,True,-1,-1
image18438.npz,False,-1,0
image1861.npz,True,-1,-1
image4062.npz,True,-1,-1
image19439.npz,True,-1,0
image10531.npz,True,-1,-1
image15815.npz,True,-1,-1
image13219.npz,True,-1,-1
image8847.npz,True,-1,-1
image16626.npz,True,1,0
image17922.npz,True,1,0
image4684.npz,False,-1,-1
image15555.npz,True,-1,0
image6041.npz,True,-1,0
image4428.npz,True,-1,0
image4655.npz,False,1,0
image8069.npz,False,1,0
image15389.npz,False,-1,0
image17510.npz,False,1,0
image5127.npz,True,1,0
image15447.npz,False,1,0
image18119.npz,False,1,0
image19188.npz,False,-1,0
image6207.npz,False,1,0
image105.npz,False,-1,0
image11233.npz,False,1,0
image19515.npz,False,-1,-1
image3800.npz,False,-1,-1
image15796.npz,True,1,0
image4810.npz,False,1,0
image10732.npz,False,-1,0
image14329.npz,True,-1,0
image3305.npz,False,-1,0
image2433.npz,False,-1,0
image15450.npz,False,-1,-1
image16953.npz,False,-1,0
image4566.npz,False,1,0
image12493.npz,False,-1,0
image15342.npz,True,-1,-1
image10499.npz,True,-1,-1
image2164.npz,False,-1,-1
image19119.npz,False,-1,-1
image19200.npz,True,-1,-1
image1425.npz,False,-1,0
image13090.npz,False,-1,0
image18445.npz,False,-1,0
image4788.npz,False,-1,0
image10994.npz,False,1,0
image19178.npz,True,-1,-1
image2373.npz,True,-1,0
image9045.npz,False,-1,0
image2376.npz,False,-1,-1
image13922.npz,False,-1,-1
image16148.npz,False,-1,-1
image353.npz,False,-1,0
image6608.npz,False,1,0
image5625.npz,False,-1,0
image19424.npz,True,-1,0
image10215.npz,False,1,0
image3020.npz,False,1,0
image16839.npz,True,-1,0
image4721.npz,False,-1,0
image4933.npz,False,-1,-1
image13352.npz,False,1,0
image9098.npz,False,-1,0
image11897.npz,False,-1,-1
image13625.npz,True,-1,-1
image16347.npz,False,-1,0
image15721.npz,False,1,0
image17916.npz,False,-1,0
image7681.npz,False,1,0
image1674.npz,False,1,1
image5302.npz,False,-1,0
image11539.npz,True,-1,0
image18346.npz,False,-1,-1
image8547.npz,True,-1,-1
image7022.npz,True,-1,-1
image4639.npz,True,-1,-1
image13619.npz,True,-1,-1
image15184.npz,True,-1,0
image18997.npz,True,-1,0
image1385.npz,True,1,0
image19281.npz,True,-1,0
image17035.npz,False,1,0
image4221.npz,False,-1,-1
image9526.npz,False,1,1
image8076.npz,False,1,0
image5216.npz,False,1,1
image19588.npz,True,1,1
image15803.npz,False,1,1
image15442.npz,False,1,1
image5623.npz,False,1,1
image3635.npz,True,-1,0
image6816.npz,True,-1,0
image13998.npz,True,-1,-1
image19524.npz,True,-1,0
image9509.npz,True,1,1
image14312.npz,False,1,1
image9523.npz,False,1,1
image17668.npz,False,1,1
image13033.npz,False,1,1
image12953.npz,True,1,0
image17068.npz,False,1,1
image7697.npz,True,-1,-1
image8400.npz,True,1,1
image15287.npz,False,1,1
image16595.npz,False,1,1
image262.npz,True,1,0
image14708.npz,False,1,1
image8480.npz,False,1,1
image11484.npz,True,1,1
image1699.npz,False,1,1
image9141.npz,True,1,1
image14084.npz,False,1,1
image16232.npz,False,1,1
image15462.npz,False,1,1
image721.npz,False,1,1
image12852.npz,False,1,0
image12362.npz,False,1,0
image17846.npz,True,1,0
image16480.npz,False,1,0
image4882.npz,False,1,1
image9465.npz,False,1,1
image13906.npz,False,1,0
image5023.npz,False,-1,0
image16102.npz,True,-1,0
image16947.npz,False,-1,0
image15754.npz,True,-1,0
image15690.npz,True,-1,0
image940.npz,False,-1,0
image17478.npz,False,1,0
image18597.npz,False,1,0
image3379.npz,True,1,1
image18638.npz,False,1,0
image9286.npz,True,1,0
image9710.npz,True,-1,-1
image18674.npz,False,1,0
image16911.npz,False,1,0
image7511.npz,False,-1,-1
image6194.npz,True,1,0
image13523.npz,True,1,0
image16736.npz,True,1,0
image10992.npz,True,1,1
image7613.npz,True,1,1
image15330.npz,True,1,0
image15595.npz,True,1,0
image1442.npz,True,-1,-1
image17426.npz,True,1,0
image5361.npz,False,1,0
image489.npz,False,1,1
image16700.npz,False,1,1
image263.npz,False,1,1
image15173.npz,False,1,1
image15604.npz,False,1,1
image14863.npz,False,1,1
image18147.npz,False,1,1
image5325.npz,True,-1,0
image17804.npz,False,-1,0
image19066.npz,False,1,0
image7337.npz,False,1,1
image13875.npz,True,1,1
image9503.npz,False,1,1
image16121.npz,False,1,1
image5805.npz,False,1,1
image10636.npz,False,1,1
image18256.npz,False,1,1
image4581.npz,True,-1,-1
image2833.npz,False,1,1
image4808.npz,True,1,0
image18543.npz,False,1,1
image3448.npz,False,1,1
image7656.npz,True,1,1
image14713.npz,True,1,1
image3493.npz,False,1,1
image17779.npz,False,1,1
image212.npz,False,1,1
image1716.npz,False,1,1
image11549.npz,True,1,0
image18244.npz,False,1,1
image19336.npz,False,1,1
image11365.npz,False,1,1
image1604.npz,False,1,1
image112.npz,False,1,1
image11699.npz,False,1,1
image19428.npz,True,1,1
image11098.npz,False,1,1
image8838.npz,False,1,1
image19179.npz,False,1,1
image11285.npz,True,1,0
image11274.npz,True,-1,-1
image18918.npz,False,-1,0
image17293.npz,False,1,0
image9849.npz,False,-1,0
image18828.npz,True,-1,0
image2789.npz,False,1,0
image17422.npz,False,-1,0
image12900.npz,True,-1,0
image7599.npz,True,-1,0
image16759.npz,True,1,0
image2477.npz,True,-1,0
image13802.npz,True,-1,0
image15077.npz,True,-1,0
image9773.npz,True,1,0
image9906.npz,True,1,0
image8497.npz,False,1,1
image6244.npz,False,1,1
image863.npz,False,1,1
image4493.npz,False,1,0
image14897.npz,False,1,0
image15112.npz,False,1,0
image13136.npz,False,1,0
image10890.npz,True,1,0
image17475.npz,True,1,0
image13475.npz,False,1,1
image10565.npz,True,1,0
image7418.npz,False,1,0
image12721.npz,False,1,1
image3402.npz,False,1,1
image10480.npz,True,1,1
image11052.npz,False,1,1
image12883.npz,False,-1,0
image17203.npz,False,-1,0
image11154.npz,False,-1,0
image1633.npz,False,-1,-1
image13245.npz,False,1,1
image3593.npz,False,1,0
image10585.npz,False,1,0
image16156.npz,False,1,0
image3476.npz,True,-1,0
image19659.npz,True,-1,0
image5822.npz,True,-1,0
image12324.npz,True,-1,0
image14408.npz,True,-1,0
image3395.npz,True,1,0
image17051.npz,True,-1,0
image6381.npz,True,1,0
image14332.npz,True,-1,0
image15862.npz,True,1,0
image11598.npz,True,-1,0
image19208.npz,True,-1,0
image4023.npz,False,-1,-1
image3984.npz,True,-1,-1
image7964.npz,True,-1,-1
image14059.npz,False,1,0
image3264.npz,True,1,0
image6545.npz,True,-1,0
image13419.npz,False,-1,-1
image1010.npz,True,1,0
image5503.npz,False,1,0
image9515.npz,False,-1,0
image7266.npz,True,1,0
image14612.npz,False,-1,0
image3798.npz,False,-1,-1
image6485.npz,False,-1,0
image14522.npz,False,-1,0
image13259.npz,True,1,0
image1679.npz,False,-1,0
image8411.npz,False,-1,0
image17379.npz,True,-1,0
image15224.npz,False,-1,0
image8898.npz,False,-1,-1
image11966.npz,False,-1,-1
image2396.npz,False,-1,-1
image12515.npz,True,-1,-1
image3141.npz,True,-1,-1
image11217.npz,False,-1,-1
image15657.npz,True,-1,0
image10442.npz,False,-1,0
image8524.npz,False,-1,0
image3514.npz,True,-1,-1
image8427.npz,False,-1,-1
image19554.npz,False,1,0
image6953.npz,False,-1,-1
image968.npz,True,-1,-1
image15210.npz,True,-1,-1
image6379.npz,False,-1,-1
image7365.npz,False,-1,0
image1321.npz,True,-1,0
image17855.npz,True,-1,-1
image17027.npz,False,-1,-1
image17364.npz,True,-1,-1
image14738.npz,False,-1,-1
image6321.npz,True,1,0
image6403.npz,False,1,1
image17048.npz,True,1,0
image8673.npz,False,-1,0
image18645.npz,False,-1,0
image16725.npz,True,-1,0
image3595.npz,True,-1,-1
image6255.npz,True,-1,-1
image6557.npz,False,1,0
image4786.npz,True,-1,-1
image525.npz,False,-1,0
image13896.npz,False,1,0
image4863.npz,False,1,0
image13666.npz,False,-1,-1
image7158.npz,False,-1,-1
image2038.npz,False,-1,0
image1446.npz,False,1,1
image18596.npz,False,-1,0
image3356.npz,True,-1,0
image15996.npz,False,-1,-1
image3365.npz,False,-1,0
image12487.npz,False,-1,-1
image3101.npz,False,1,0
image13293.npz,False,-1,0
image3538.npz,False,1,0
image3243.npz,False,1,0
image3693.npz,True,1,0
image5920.npz,True,1,0
image12191.npz,False,-1,0
image4591.npz,True,1,0
image15819.npz,False,-1,-1
image10156.npz,False,-1,-1
image321.npz,False,-1,-1
image2474.npz,False,-1,-1
image17687.npz,True,-1,-1
image16970.npz,False,-1,0
image10202.npz,False,1,0
image881.npz,False,-1,-1
image18924.npz,True,1,0
image18877.npz,False,-1,-1
image10889.npz,False,-1,-1
image6036.npz,False,-1,0
image17831.npz,False,1,0
image5848.npz,True,-1,-1
image6195.npz,False,1,0
image3065.npz,False,1,1
image12772.npz,False,1,1
image10971.npz,False,1,1
image2776.npz,False,1,1
image16024.npz,False,1,1
image2124.npz,False,1,1
image11175.npz,False,1,1
image10146.npz,True,1,1
image8304.npz,False,1,1
image13137.npz,False,1,1
image16879.npz,False,1,1
image5999.npz,True,-1,0
image4359.npz,False,1,0
image7079.npz,False,1,0
image6956.npz,False,-1,0
image16594.npz,False,-1,0
image16511.npz,False,1,1
image15650.npz,False,1,1
image1847.npz,False,1,1
image9455.npz,False,1,1
image14288.npz,False,1,1
image14069.npz,False,1,1
image14737.npz,True,-1,0
image4096.npz,False,1,1
image2568.npz,False,-1,0
image17291.npz,False,1,0
image7622.npz,True,1,0
image6957.npz,True,1,1
image856.npz,False,1,1
image10497.npz,False,1,1
image14433.npz,False,-1,0
image9872.npz,False,1,0
image8573.npz,False,1,1
image8540.npz,False,-1,0
image6445.npz,False,-1,0
image14943.npz,False,1,0
image2988.npz,False,1,1
image14086.npz,False,1,1
image6451.npz,True,-1,0
image677.npz,True,-1,-1
image8248.npz,True,1,1
image13311.npz,False,1,0
image16276.npz,False,-1,0
image2195.npz,False,-1,-1
image16602.npz,False,-1,0
image9737.npz,False,1,0
image4757.npz,True,-1,-1
image2230.npz,True,-1,-1
image1101.npz,False,-1,0
image2982.npz,False,1,0
image12837.npz,False,1,1
image17283.npz,False,1,0
image1850.npz,True,1,1
image11999.npz,True,1,0
image18033.npz,False,1,0
image460.npz,False,1,1
image7175.npz,False,1,1
image13396.npz,True,1,0
image18224.npz,False,1,1
image3721.npz,True,1,1
image18061.npz,False,1,1
image19626.npz,False,1,0
image11232.npz,True,1,1
image7319.npz,False,1,1
image2418.npz,False,1,0
image4784.npz,False,1,0
image9424.npz,False,-1,0
image10820.npz,False,1,1
image543.npz,False,1,0
image18144.npz,True,1,0
image7685.npz,True,1,0
image2726.npz,True,1,0
image17199.npz,True,1,1
image15396.npz,True,1,1
image16535.npz,True,1,1
image5472.npz,True,1,1
image8954.npz,True,1,0
image14550.npz,True,1,0
image6190.npz,True,1,0
image17727.npz,True,1,1
image4555.npz,True,1,1
image14735.npz,True,1,1
image503.npz,True,1,0
image14871.npz,False,-1,0
image11182.npz,False,-1,0
image7850.npz,True,1,0
image12292.npz,True,1,0
image13169.npz,True,-1,0
image6578.npz,False,-1,-1
image18432.npz,False,-1,-1
image3383.npz,False,1,0
image9900.npz,False,-1,-1
image15577.npz,True,-1,-1
image4331.npz,False,-1,0
image14532.npz,False,-1,-1
image18999.npz,False,-1,0
image8225.npz,False,-1,-1
image14579.npz,False,-1,-1
image2101.npz,True,-1,-1
image17148.npz,False,-1,-1
image14244.npz,False,-1,0
image16661.npz,False,-1,-1
image1890.npz,False,-1,-1
image17500.npz,False,-1,0
image8618.npz,False,-1,-1
image15935.npz,False,-1,-1
image9720.npz,False,1,0
image17610.npz,False,-1,-1
image5955.npz,False,-1,-1
image13816.npz,False,-1,0
image11640.npz,True,-1,0
image8173.npz,False,-1,-1
image8202.npz,False,-1,-1
image16251.npz,False,-1,0
image18954.npz,False,-1,0
image8074.npz,False,1,0
image16646.npz,False,-1,-1
image1895.npz,False,-1,0
image3793.npz,False,-1,0
image7193.npz,False,-1,0
image11584.npz,False,-1,0
image13695.npz,False,-1,0
image9134.npz,False,-1,0
image5321.npz,False,-1,0
image2086.npz,False,-1,0
image9063.npz,False,1,0
image18126.npz,True,-1,0
image10740.npz,False,-1,-1
image2780.npz,False,-1,-1
image5577.npz,False,-1,-1
image5667.npz,False,-1,-1
image1252.npz,False,-1,0
image12981.npz,False,-1,0
image4953.npz,False,-1,-1
image10792.npz,False,1,0
image11714.npz,True,1,1
image9396.npz,True,-1,-1
image12083.npz,True,-1,0
image16074.npz,False,-1,-1
image17880.npz,False,-1,-1
image4121.npz,False,-1,-1
image14470.npz,False,-1,-1
image17184.npz,False,-1,-1
image4001.npz,False,-1,-1
image10984.npz,False,-1,-1
image14646.npz,False,-1,-1
image641.npz,False,1,0
image18108.npz,False,-1,0
image2032.npz,False,1,0
image15611.npz,False,-1,-1
image18484.npz,True,1,0
image4003.npz,True,-1,0
image11827.npz,False,-1,0
image9056.npz,False,-1,-1
image13833.npz,False,-1,0
image19580.npz,False,-1,-1
image18032.npz,False,-1,0
image2271.npz,False,-1,-1
image5090.npz,False,-1,0
image13058.npz,False,-1,0
image2468.npz,True,-1,0
image1519.npz,False,-1,-1
image1488.npz,True,-1,-1
image18181.npz,False,-1,-1
image2339.npz,False,-1,-1
image17636.npz,False,-1,0
image19151.npz,False,-1,-1
image1015.npz,False,1,0
image17014.npz,False,-1,0
image12473.npz,False,-1,-1
image3542.npz,True,-1,-1
image10425.npz,True,1,0
image15744.npz,True,1,0
image3312.npz,True,-1,0
image2292.npz,True,1,0
image3192.npz,True,1,0
image14548.npz,True,1,0
image14618.npz,True,1,0
image7568.npz,True,-1,0
image15571.npz,True,1,0
image14486.npz,False,1,0
image4690.npz,True,1,0
image14838.npz,True,1,1
image15869.npz,True,-1,0
image8932.npz,True,1,0
image7213.npz,False,-1,0
image6049.npz,False,-1,-1
image11001.npz,False,1,0
image8648.npz,False,-1,-1
image3176.npz,False,-1,0
image15621.npz,True,-1,0
image10439.npz,False,-1,-1
image9206.npz,False,1,0
image3582.npz,False,-1,-1
image18683.npz,False,-1,-1
image993.npz,False,-1,-1
image6562.npz,False,-1,-1
image8164.npz,False,1,0
image4827.npz,False,-1,-1
image17137.npz,False,-1,-1
image7403.npz,True,-1,0
image19574.npz,False,-1,0
image12671.npz,False,-1,-1
image17982.npz,False,-1,0
image18151.npz,False,-1,0
image3511.npz,True,-1,-1
image19640.npz,False,-1,0
image3338.npz,False,-1,0
image11544.npz,False,-1,-1
image15472.npz,False,-1,-1
image10415.npz,False,-1,-1
image11951.npz,False,-1,-1
image14790.npz,False,-1,-1
image2615.npz,False,-1,-1
image16068.npz,False,-1,-1
image5520.npz,False,-1,-1
image9642.npz,False,-1,-1
image668.npz,False,-1,-1
image15055.npz,False,-1,0
image11695.npz,False,-1,-1
image9401.npz,False,-1,-1
image14198.npz,False,-1,-1
image18911.npz,False,-1,0
image4747.npz,False,-1,0
image17217.npz,False,-1,-1
image1920.npz,False,-1,-1
image9783.npz,False,-1,-1
image14674.npz,True,-1,-1
image14633.npz,False,-1,-1
image3733.npz,False,-1,0
image10039.npz,False,1,0
image16770.npz,False,-1,0
image1533.npz,False,1,0
image9856.npz,True,-1,-1
image19163.npz,True,-1,0
image5398.npz,False,1,0
image7772.npz,False,1,1
image18773.npz,True,1,0
image3836.npz,True,1,0
image1241.npz,True,1,1
image12093.npz,True,1,0
image6788.npz,True,1,0
image2728.npz,False,1,1
image18672.npz,False,1,0
image8644.npz,False,-1,0
image7953.npz,False,-1,0
image2056.npz,False,-1,0
image17031.npz,False,1,0
image12088.npz,False,1,0
image14089.npz,False,1,0
image4108.npz,False,1,0
image11396.npz,False,1,1
image4652.npz,True,1,0
image13504.npz,False,1,0
image11818.npz,False,-1,-1
image3471.npz,False,1,1
image16060.npz,False,1,0
image9667.npz,False,1,0
image18254.npz,False,1,0
image1415.npz,True,1,0
image14694.npz,False,1,1
image14204.npz,False,1,1
image12728.npz,True,-1,0
image9385.npz,False,-1,0
image6991.npz,False,1,0
image6156.npz,False,1,0
image17663.npz,False,1,0
image6600.npz,False,1,0
image13984.npz,False,1,1
image13898.npz,False,1,0
image19005.npz,True,1,0
image1938.npz,False,-1,0
image3664.npz,False,-1,0
image7601.npz,False,1,0
image9170.npz,False,1,0
image13126.npz,False,-1,0
image10775.npz,False,1,0
image3956.npz,False,1,0
image1887.npz,False,1,0
image1888.npz,False,1,0
image1455.npz,False,-1,0
image6569.npz,True,-1,-1
image11065.npz,False,-1,-1
image17513.npz,False,-1,0
image17646.npz,False,1,0
image9786.npz,True,1,0
image18459.npz,False,-1,0
image2684.npz,True,-1,-1
image8866.npz,False,-1,-1
image5298.npz,False,-1,-1
image253.npz,True,-1,-1
image7167.npz,False,-1,-1
image14927.npz,False,-1,-1
image12781.npz,False,-1,-1
image3954.npz,False,-1,-1
image11287.npz,False,-1,-1
image6407.npz,False,-1,-1
image15152.npz,True,1,0
image15643.npz,False,-1,-1
image6920.npz,True,-1,-1
image585.npz,False,-1,-1
image18090.npz,True,1,0
image17365.npz,False,1,1
image10015.npz,False,-1,0
image1566.npz,False,-1,0
image2720.npz,False,-1,0
image10481.npz,False,1,0
image19523.npz,False,-1,-1
image3427.npz,False,1,0
image3848.npz,False,-1,-1
image6795.npz,True,-1,0
image3891.npz,True,1,1
image1686.npz,False,-1,0
image2710.npz,False,-1,-1
image3948.npz,True,-1,-1
image8132.npz,True,-1,-1
image9085.npz,True,-1,-1
image6628.npz,True,-1,-1
image14201.npz,True,-1,-1
image13124.npz,True,-1,-1
image16367.npz,False,-1,0
image16797.npz,False,1,0
image3815.npz,False,-1,0
image4076.npz,False,-1,0
image4482.npz,True,-1,0
image599.npz,False,-1,0
image5956.npz,False,-1,0
image15903.npz,False,-1,0
image16674.npz,True,-1,0
image16331.npz,False,-1,0
image19503.npz,True,-1,0
image14261.npz,False,-1,0
image10884.npz,False,-1,0
image1634.npz,True,-1,0
image18121.npz,False,1,0
image2654.npz,False,1,1
image17248.npz,False,1,0
image11148.npz,False,1,0
image15842.npz,False,-1,0
image811.npz,True,1,1
image18503.npz,True,-1,0
image1384.npz,True,-1,0
image18565.npz,True,-1,0
image19055.npz,False,1,0
image6134.npz,False,1,0
image1095.npz,True,-1,0
image2727.npz,True,-1,0
image6859.npz,True,-1,-1
image17025.npz,True,-1,0
image9408.npz,True,-1,-1
image16950.npz,True,-1,-1
image11189.npz,False,-1,-1
image4251.npz,False,-1,0
image4795.npz,False,1,0
image18579.npz,True,1,0
image8906.npz,True,1,0
image18078.npz,True,-1,0
image14791.npz,False,-1,0
image7000.npz,False,1,0
image3810.npz,True,-1,0
image10164.npz,True,1,0
image18844.npz,True,-1,0
image737.npz,False,1,0
image1269.npz,False,1,0
image6703.npz,False,1,0
image17103.npz,False,1,0
image9429.npz,False,-1,0
image3200.npz,False,1,0
image18910.npz,False,1,1
image3869.npz,True,1,0
image5828.npz,True,-1,0
image10299.npz,False,-1,0
image18685.npz,True,1,0
image19456.npz,False,-1,0
image9071.npz,False,-1,0
image3382.npz,False,1,0
image13030.npz,False,-1,-1
image13044.npz,True,1,0
image7823.npz,False,-1,0
image11244.npz,False,-1,0
image4167.npz,True,-1,-1
image8380.npz,True,-1,-1
image4109.npz,True,1,0
image6848.npz,False,-1,-1
image11626.npz,True,1,1
image15135.npz,False,-1,0
image13568.npz,False,-1,-1
image2221.npz,False,-1,-1
image12959.npz,True,-1,0
image7238.npz,False,-1,-1
image14922.npz,True,-1,0
image10998.npz,False,-1,0
image279.npz,False,-1,-1
image3169.npz,True,1,1
image10910.npz,False,-1,-1
image18255.npz,True,1,1
image1407.npz,False,-1,0
image15758.npz,False,1,0
image17271.npz,False,-1,0
image16580.npz,False,-1,0
image6124.npz,True,-1,0
image16901.npz,False,-1,0
image12360.npz,True,-1,0
image6903.npz,True,-1,-1
image10926.npz,True,-1,0
image14033.npz,True,-1,-1
image1925.npz,False,1,0
image2634.npz,True,-1,0
image17778.npz,False,1,0
image8211.npz,False,-1,-1
image8408.npz,True,-1,0
image7493.npz,False,-1,0
image10616.npz,False,1,1
image4669.npz,False,1,0
image13176.npz,True,-1,0
image15341.npz,True,-1,0
image18481.npz,True,1,0
image2022.npz,True,-1,-1
image7284.npz,True,-1,0
image19499.npz,True,-1,-1
image19445.npz,True,-1,0
image11363.npz,True,-1,-1
image6544.npz,True,-1,0
image7123.npz,True,-1,0
image12103.npz,True,1,0
image2168.npz,False,1,1
image8430.npz,True,-1,-1
image2117.npz,True,-1,0
image9600.npz,True,-1,0
image10703.npz,True,1,0
image8286.npz,True,-1,0
image13028.npz,True,1,0
image3441.npz,False,-1,-1
image18460.npz,True,1,0
image12984.npz,True,-1,-1
image7959.npz,False,-1,0
image3363.npz,False,-1,-1
image15301.npz,True,1,0
image3337.npz,True,1,0
image10272.npz,False,-1,-1
image15361.npz,False,1,0
image6005.npz,True,-1,0
image719.npz,False,-1,0
image16059.npz,False,1,0
image19210.npz,False,-1,-1
image11048.npz,False,-1,0
image6576.npz,False,-1,0
image7379.npz,False,-1,-1
image7085.npz,True,1,1
image9599.npz,False,1,0
image1730.npz,True,-1,0
image11325.npz,False,1,0
image11424.npz,True,-1,-1
image849.npz,False,-1,-1
image16803.npz,False,-1,0
image6681.npz,True,-1,0
image18932.npz,True,-1,-1
image4869.npz,True,1,0
image2795.npz,True,-1,-1
image6966.npz,True,1,0
image9460.npz,False,-1,-1
image16327.npz,True,-1,-1
image18220.npz,True,1,0
image19413.npz,True,1,0
image15801.npz,True,-1,-1
image10640.npz,True,-1,0
image10769.npz,False,-1,0
image4061.npz,True,-1,-1
image15121.npz,True,-1,-1
image4584.npz,True,-1,-1
image4693.npz,False,-1,0
image3126.npz,True,-1,0
image8349.npz,True,-1,-1
image3832.npz,False,1,0
image5281.npz,False,-1,-1
image3634.npz,False,1,1
image13435.npz,False,-1,0
image15040.npz,False,-1,-1
image14726.npz,True,-1,0
image5924.npz,True,-1,0
image1889.npz,False,-1,0
image959.npz,False,-1,-1
image10053.npz,True,-1,-1
image9580.npz,True,-1,0
image6286.npz,False,-1,-1
image3844.npz,False,-1,-1
image8949.npz,True,-1,-1
image14368.npz,False,-1,-1
image7936.npz,False,-1,0
image5056.npz,False,-1,0
image3577.npz,False,1,0
image15954.npz,False,-1,-1
image8269.npz,False,-1,0
image9948.npz,False,-1,0
image5506.npz,False,1,0
image13604.npz,False,-1,0
image16234.npz,False,1,0
image6378.npz,False,-1,-1
image1424.npz,False,-1,0
image9445.npz,False,1,0
image18316.npz,True,1,0
image17092.npz,False,1,0
image13709.npz,False,-1,0
image6489.npz,False,-1,0
image1179.npz,True,1,1
image4567.npz,True,1,1
image15420.npz,True,1,1
image14178.npz,True,1,1
image5029.npz,True,1,1
image10959.npz,True,1,1
image6838.npz,True,-1,0
image12890.npz,True,1,1
image3525.npz,True,1,1
image14661.npz,True,1,1
image7614.npz,True,-1,-1
image11353.npz,True,-1,0
image9364.npz,True,-1,0
image19388.npz,True,-1,0
image134.npz,True,-1,-1
image14780.npz,True,-1,0
image6644.npz,False,1,0
image19185.npz,True,1,1
image3902.npz,False,-1,-1
image6621.npz,False,-1,0
image18972.npz,False,-1,0
image3257.npz,False,1,1
image5943.npz,False,-1,-1
image10165.npz,False,1,0
image1864.npz,False,-1,0
image17112.npz,False,1,0
image13168.npz,False,1,0
image13423.npz,False,-1,0
image11322.npz,False,-1,0
image13067.npz,True,-1,-1
image16977.npz,False,-1,0
image1893.npz,False,-1,-1
image11616.npz,False,-1,-1
image9552.npz,False,-1,0
image9674.npz,False,-1,-1
image12520.npz,False,-1,-1
image13422.npz,False,-1,-1
image3027.npz,False,-1,-1
image4033.npz,False,1,0
image1710.npz,False,-1,0
image6202.npz,False,1,1
image11301.npz,False,1,1
image12887.npz,True,-1,-1
image9123.npz,True,-1,-1
image14139.npz,True,-1,-1
image11637.npz,False,-1,-1
image3025.npz,False,-1,-1
image3569.npz,False,-1,-1
image7555.npz,False,-1,0
image4046.npz,True,-1,-1
image14854.npz,True,-1,-1
image8389.npz,True,1,0
image699.npz,False,1,0
image7282.npz,False,1,1
image10297.npz,True,-1,0
image11478.npz,True,1,0
image2504.npz,False,-1,0
image7317.npz,False,1,0
image14888.npz,True,-1,-1
image8160.npz,True,-1,0
image13326.npz,True,-1,0
image11144.npz,True,-1,0
image15432.npz,True,1,0
image14764.npz,True,1,0
image4512.npz,True,-1,0
image15601.npz,False,1,1
image6361.npz,True,-1,0
image11090.npz,False,1,1
image16270.npz,False,1,1
image17584.npz,False,1,1
image11796.npz,True,1,0
image11848.npz,True,-1,0
image11547.npz,True,1,0
image11269.npz,True,1,0
image89.npz,True,-1,0
image9334.npz,False,1,0
image12594.npz,False,1,0
image578.npz,False,1,1
image12512.npz,False,1,1
image14018.npz,True,-1,-1
image243.npz,False,1,0
image929.npz,False,1,1
image8375.npz,False,1,1
image12755.npz,False,1,1
image8436.npz,False,1,1
image15908.npz,False,-1,0
image8183.npz,False,1,1
image5801.npz,False,1,0
image487.npz,False,1,0
image4868.npz,False,1,1
image10121.npz,False,1,1
image4105.npz,False,1,1
image15231.npz,False,1,1
image10503.npz,False,-1,0
image16490.npz,False,1,1
image2921.npz,False,1,0
image2844.npz,False,1,1
image5021.npz,False,1,1
image13544.npz,True,1,1
image13043.npz,True,-1,-1
image3460.npz,False,1,1
image10833.npz,True,-1,0
image12724.npz,True,-1,0
image181.npz,True,-1,-1
image14976.npz,True,1,1
image11143.npz,True,1,0
image1045.npz,True,-1,0
image6706.npz,True,-1,0
image3544.npz,True,1,0
image7473.npz,True,1,0
image5113.npz,True,-1,0
image8251.npz,True,-1,-1
image6857.npz,False,1,1
image19062.npz,False,1,1
image16553.npz,True,-1,0
image12297.npz,False,1,0
image7135.npz,False,1,1
image13686.npz,True,1,1
image12799.npz,True,-1,0
image17066.npz,False,1,1
image1159.npz,False,1,0
image3422.npz,False,1,0
image18222.npz,True,1,1
image10279.npz,True,-1,0
image7252.npz,False,1,1
image19363.npz,False,1,1
image9188.npz,False,1,0
image2685.npz,False,1,0
image9483.npz,True,-1,0
image17917.npz,True,-1,-1
image4974.npz,False,1,1
image4871.npz,True,-1,0
image13407.npz,False,1,1
image13164.npz,False,1,1
image12557.npz,False,1,0
image14796.npz,False,1,1
image5222.npz,True,1,0
image9157.npz,False,1,1
image15369.npz,False,1,1
image2760.npz,False,1,1
image16785.npz,False,1,1
image6016.npz,False,1,1
image8814.npz,False,1,1
image13452.npz,False,1,1
image9136.npz,False,1,0
image1791.npz,False,1,0
image17632.npz,True,1,1
image8783.npz,False,1,0
image16883.npz,False,1,1
image4643.npz,False,1,1
image13692.npz,False,1,1
image15618.npz,True,1,0
image2579.npz,False,1,1
image13680.npz,False,1,1
image9142.npz,False,1,1
image7755.npz,False,1,1
image13002.npz,True,1,0
image14642.npz,True,1,0
image15097.npz,True,-1,0
